trajectory_id,task_id,task_code,task_name,label,outer_role,inner_role,source_type,source_dataset,source_trajectory_id,origin_sequence_id,historical_source_trajectory_id,environment_seed,source_relative_path,num_replan_steps,common_length
v1completed_L3_new_000,0,L3,open_the_top_drawer_and_put_the_bowl_inside,1,TRAIN,INNER_TRAIN,v1_new_collection,V1补齐版本,v1completed_L3_new_000,v1completed_L3_new_000,,608150500,V1补齐版本/generated_v1_assets/L3/v1completed_L3_new_000,150,83
v1completed_L3_replay_000,0,L3,open_the_top_drawer_and_put_the_bowl_inside,0,TRAIN,INNER_TRAIN,v1_replay,V1补齐版本,v1completed_L3_replay_000,v1completed_L3_replay_000,L3-conformal-rep03-init01,608150301,V1补齐版本/generated_v1_assets/L3/v1completed_L3_replay_000,111,83
v1completed_L3_replay_001,0,L3,open_the_top_drawer_and_put_the_bowl_inside,1,TRAIN,INNER_TRAIN,v1_replay,V1补齐版本,v1completed_L3_replay_001,v1completed_L3_replay_001,L3-conformal-rep03-init07,608150307,V1补齐版本/generated_v1_assets/L3/v1completed_L3_replay_001,150,83
v1completed_L3_replay_002,0,L3,open_the_top_drawer_and_put_the_bowl_inside,1,SEEN_EVAL,,v1_replay,V1补齐版本,v1completed_L3_replay_002,v1completed_L3_replay_002,L3-test-rep04-init00,608150400,V1补齐版本/generated_v1_assets/L3/v1completed_L3_replay_002,150,83
v1completed_L3_replay_003,0,L3,open_the_top_drawer_and_put_the_bowl_inside,1,SEEN_EVAL,,v1_replay,V1补齐版本,v1completed_L3_replay_003,v1completed_L3_replay_003,L3-test-rep04-init02,608150402,V1补齐版本/generated_v1_assets/L3/v1completed_L3_replay_003,150,83
v1completed_L3_replay_004,0,L3,open_the_top_drawer_and_put_the_bowl_inside,1,SEEN_EVAL,,v1_replay,V1补齐版本,v1completed_L3_replay_004,v1completed_L3_replay_004,L3-train-rep00-init04,608150004,V1补齐版本/generated_v1_assets/L3/v1completed_L3_replay_004,150,83
v1completed_L3_replay_005,0,L3,open_the_top_drawer_and_put_the_bowl_inside,1,TRAIN,INNER_TRAIN,v1_replay,V1补齐版本,v1completed_L3_replay_005,v1completed_L3_replay_005,L3-train-rep01-init08,608150108,V1补齐版本/generated_v1_assets/L3/v1completed_L3_replay_005,150,83
v1completed_L3_replay_006,0,L3,open_the_top_drawer_and_put_the_bowl_inside,0,SEEN_EVAL,,v1_replay,V1补齐版本,v1completed_L3_replay_006,v1completed_L3_replay_006,L3-validation-rep02-init02,608150202,V1补齐版本/generated_v1_assets/L3/v1completed_L3_replay_006,92,83
v1completed_L3_replay_007,0,L3,open_the_top_drawer_and_put_the_bowl_inside,1,TRAIN,INNER_TRAIN,v1_replay,V1补齐版本,v1completed_L3_replay_007,v1completed_L3_replay_007,ood-robot-L3-0415,608150012,V1补齐版本/generated_v1_assets/L3/v1completed_L3_replay_007,150,83
v1completed_L3_replay_008,0,L3,open_the_top_drawer_and_put_the_bowl_inside,1,SEEN_EVAL,,v1_replay,V1补齐版本,v1completed_L3_replay_008,v1completed_L3_replay_008,ood-robot-L3-0425,608150003,V1补齐版本/generated_v1_assets/L3/v1completed_L3_replay_008,150,83
v1completed_L3_replay_009,0,L3,open_the_top_drawer_and_put_the_bowl_inside,1,TRAIN,INNER_TRAIN,v1_replay,V1补齐版本,v1completed_L3_replay_009,v1completed_L3_replay_009,ood-robot-L3-0433,608150018,V1补齐版本/generated_v1_assets/L3/v1completed_L3_replay_009,150,83
v1completed_L3_replay_010,0,L3,open_the_top_drawer_and_put_the_bowl_inside,1,TRAIN,INNER_TRAIN,v1_replay,V1补齐版本,v1completed_L3_replay_010,v1completed_L3_replay_010,ood-robot-L3-0438,608150019,V1补齐版本/generated_v1_assets/L3/v1completed_L3_replay_010,150,83
v1completed_L3_replay_011,0,L3,open_the_top_drawer_and_put_the_bowl_inside,1,TRAIN,INNER_TRAIN,v1_replay,V1补齐版本,v1completed_L3_replay_011,v1completed_L3_replay_011,ood-robot-L3-0440,608150011,V1补齐版本/generated_v1_assets/L3/v1completed_L3_replay_011,150,83
v1completed_L3_replay_012,0,L3,open_the_top_drawer_and_put_the_bowl_inside,1,SEEN_EVAL,,v1_replay,V1补齐版本,v1completed_L3_replay_012,v1completed_L3_replay_012,ood-robot-L3-0441,608150016,V1补齐版本/generated_v1_assets/L3/v1completed_L3_replay_012,150,83
v1completed_L3_replay_013,0,L3,open_the_top_drawer_and_put_the_bowl_inside,1,SEEN_EVAL,,v1_replay,V1补齐版本,v1completed_L3_replay_013,v1completed_L3_replay_013,ood-robot-L3-0446,608150008,V1补齐版本/generated_v1_assets/L3/v1completed_L3_replay_013,150,83
v1completed_L3_replay_014,0,L3,open_the_top_drawer_and_put_the_bowl_inside,1,TRAIN,INNER_TRAIN,v1_replay,V1补齐版本,v1completed_L3_replay_014,v1completed_L3_replay_014,stage3b-robot-L3-0411,608150010,V1补齐版本/generated_v1_assets/L3/v1completed_L3_replay_014,150,83
v1completed_L3_replay_015,0,L3,open_the_top_drawer_and_put_the_bowl_inside,1,SEEN_EVAL,,v1_replay,V1补齐版本,v1completed_L3_replay_015,v1completed_L3_replay_015,stage3b-robot-L3-0417,608150000,V1补齐版本/generated_v1_assets/L3/v1completed_L3_replay_015,150,83
v1completed_L3_replay_016,0,L3,open_the_top_drawer_and_put_the_bowl_inside,1,TRAIN,INNER_TRAIN,v1_replay,V1补齐版本,v1completed_L3_replay_016,v1completed_L3_replay_016,stage3b-robot-L3-0424,608150011,V1补齐版本/generated_v1_assets/L3/v1completed_L3_replay_016,150,83
v1completed_L3_replay_017,0,L3,open_the_top_drawer_and_put_the_bowl_inside,1,SEEN_EVAL,,v1_replay,V1补齐版本,v1completed_L3_replay_017,v1completed_L3_replay_017,stage3b-robot-L3-0430,608150003,V1补齐版本/generated_v1_assets/L3/v1completed_L3_replay_017,150,83
v1completed_L3_replay_018,0,L3,open_the_top_drawer_and_put_the_bowl_inside,1,TRAIN,INTERNAL_VALIDATION,v1_replay,V1补齐版本,v1completed_L3_replay_018,v1completed_L3_replay_018,stage3b-robot-L3-0437,608150014,V1补齐版本/generated_v1_assets/L3/v1completed_L3_replay_018,150,83
v1completed_L3_replay_019,0,L3,open_the_top_drawer_and_put_the_bowl_inside,1,TRAIN,INNER_TRAIN,v1_replay,V1补齐版本,v1completed_L3_replay_019,v1completed_L3_replay_019,stage3b-robot-L3-0443,608150017,V1补齐版本/generated_v1_assets/L3/v1completed_L3_replay_019,150,83
v1completed_L3_replay_020,0,L3,open_the_top_drawer_and_put_the_bowl_inside,1,SEEN_EVAL,,v1_replay,V1补齐版本,v1completed_L3_replay_020,v1completed_L3_replay_020,stage3b-robot-L3-0445,608150009,V1补齐版本/generated_v1_assets/L3/v1completed_L3_replay_020,150,83
v1completed_L3_replay_021,0,L3,open_the_top_drawer_and_put_the_bowl_inside,1,TRAIN,INTERNAL_VALIDATION,v1_replay,V1补齐版本,v1completed_L3_replay_021,v1completed_L3_replay_021,stage3b-robot-L3-0447,608150008,V1补齐版本/generated_v1_assets/L3/v1completed_L3_replay_021,150,83
v1completed_L3_replay_022,0,L3,open_the_top_drawer_and_put_the_bowl_inside,1,TRAIN,INTERNAL_VALIDATION,v1_replay,V1补齐版本,v1completed_L3_replay_022,v1completed_L3_replay_022,stage4b-seen-L3-0426,608160002,V1补齐版本/generated_v1_assets/L3/v1completed_L3_replay_022,150,83
v1completed_L3_replay_023,0,L3,open_the_top_drawer_and_put_the_bowl_inside,1,TRAIN,INNER_TRAIN,v1_replay,V1补齐版本,v1completed_L3_replay_023,v1completed_L3_replay_023,stage4b-seen-L3-0436,608160004,V1补齐版本/generated_v1_assets/L3/v1completed_L3_replay_023,150,83
v1completed_L3_replay_024,0,L3,open_the_top_drawer_and_put_the_bowl_inside,1,TRAIN,INNER_TRAIN,v1_replay,V1补齐版本,v1completed_L3_replay_024,v1completed_L3_replay_024,stage4b-seen-L3-0439,608160005,V1补齐版本/generated_v1_assets/L3/v1completed_L3_replay_024,150,83
v1completed_L3_replay_025,0,L3,open_the_top_drawer_and_put_the_bowl_inside,0,TRAIN,INNER_TRAIN,v1_replay,V1补齐版本,v1completed_L3_replay_025,v1completed_L3_replay_025,L3-conformal-rep03-init02,608150302,V1补齐版本/generated_v1_assets/L3/v1completed_L3_replay_025,97,83
v1completed_L3_replay_026,0,L3,open_the_top_drawer_and_put_the_bowl_inside,0,TRAIN,INNER_TRAIN,v1_replay,V1补齐版本,v1completed_L3_replay_026,v1completed_L3_replay_026,L3-conformal-rep03-init06,608150306,V1补齐版本/generated_v1_assets/L3/v1completed_L3_replay_026,91,83
v1completed_L3_replay_027,0,L3,open_the_top_drawer_and_put_the_bowl_inside,0,SEEN_EVAL,,v1_replay,V1补齐版本,v1completed_L3_replay_027,v1completed_L3_replay_027,L3-conformal-rep03-init08,608150308,V1补齐版本/generated_v1_assets/L3/v1completed_L3_replay_027,91,83
v1completed_L3_replay_028,0,L3,open_the_top_drawer_and_put_the_bowl_inside,0,TRAIN,INTERNAL_VALIDATION,v1_replay,V1补齐版本,v1completed_L3_replay_028,v1completed_L3_replay_028,L3-conformal-rep03-init09,608150309,V1补齐版本/generated_v1_assets/L3/v1completed_L3_replay_028,98,83
v1completed_L3_replay_029,0,L3,open_the_top_drawer_and_put_the_bowl_inside,0,SEEN_EVAL,,v1_replay,V1补齐版本,v1completed_L3_replay_029,v1completed_L3_replay_029,L3-test-rep04-init08,608150408,V1补齐版本/generated_v1_assets/L3/v1completed_L3_replay_029,92,83
v1completed_L3_replay_030,0,L3,open_the_top_drawer_and_put_the_bowl_inside,0,TRAIN,INNER_TRAIN,v1_replay,V1补齐版本,v1completed_L3_replay_030,v1completed_L3_replay_030,L3-test-rep04-init09,608150409,V1补齐版本/generated_v1_assets/L3/v1completed_L3_replay_030,91,83
v1completed_L3_replay_031,0,L3,open_the_top_drawer_and_put_the_bowl_inside,0,TRAIN,INNER_TRAIN,v1_replay,V1补齐版本,v1completed_L3_replay_031,v1completed_L3_replay_031,L3-train-rep00-init00,608150000,V1补齐版本/generated_v1_assets/L3/v1completed_L3_replay_031,86,83
v1completed_L3_replay_032,0,L3,open_the_top_drawer_and_put_the_bowl_inside,0,SEEN_EVAL,,v1_replay,V1补齐版本,v1completed_L3_replay_032,v1completed_L3_replay_032,L3-train-rep00-init02,608150002,V1补齐版本/generated_v1_assets/L3/v1completed_L3_replay_032,97,83
v1completed_L3_replay_033,0,L3,open_the_top_drawer_and_put_the_bowl_inside,0,SEEN_EVAL,,v1_replay,V1补齐版本,v1completed_L3_replay_033,v1completed_L3_replay_033,L3-train-rep00-init07,608150007,V1补齐版本/generated_v1_assets/L3/v1completed_L3_replay_033,88,83
v1completed_L3_replay_034,0,L3,open_the_top_drawer_and_put_the_bowl_inside,0,SEEN_EVAL,,v1_replay,V1补齐版本,v1completed_L3_replay_034,v1completed_L3_replay_034,L3-train-rep00-init09,608150009,V1补齐版本/generated_v1_assets/L3/v1completed_L3_replay_034,93,83
v1completed_L3_replay_035,0,L3,open_the_top_drawer_and_put_the_bowl_inside,0,TRAIN,INNER_TRAIN,v1_replay,V1补齐版本,v1completed_L3_replay_035,v1completed_L3_replay_035,L3-train-rep01-init00,608150100,V1补齐版本/generated_v1_assets/L3/v1completed_L3_replay_035,89,83
v1completed_L3_replay_036,0,L3,open_the_top_drawer_and_put_the_bowl_inside,0,SEEN_EVAL,,v1_replay,V1补齐版本,v1completed_L3_replay_036,v1completed_L3_replay_036,L3-train-rep01-init03,608150103,V1补齐版本/generated_v1_assets/L3/v1completed_L3_replay_036,90,83
v1completed_L3_replay_037,0,L3,open_the_top_drawer_and_put_the_bowl_inside,0,TRAIN,INTERNAL_VALIDATION,v1_replay,V1补齐版本,v1completed_L3_replay_037,v1completed_L3_replay_037,L3-train-rep01-init05,608150105,V1补齐版本/generated_v1_assets/L3/v1completed_L3_replay_037,96,83
v1completed_L3_replay_038,0,L3,open_the_top_drawer_and_put_the_bowl_inside,0,TRAIN,INNER_TRAIN,v1_replay,V1补齐版本,v1completed_L3_replay_038,v1completed_L3_replay_038,L3-train-rep01-init07,608150107,V1补齐版本/generated_v1_assets/L3/v1completed_L3_replay_038,89,83
v1completed_L3_replay_039,0,L3,open_the_top_drawer_and_put_the_bowl_inside,0,TRAIN,INNER_TRAIN,v1_replay,V1补齐版本,v1completed_L3_replay_039,v1completed_L3_replay_039,L3-validation-rep02-init01,608150201,V1补齐版本/generated_v1_assets/L3/v1completed_L3_replay_039,83,83
v1completed_L3_replay_040,0,L3,open_the_top_drawer_and_put_the_bowl_inside,0,SEEN_EVAL,,v1_replay,V1补齐版本,v1completed_L3_replay_040,v1completed_L3_replay_040,L3-validation-rep02-init04,608150204,V1补齐版本/generated_v1_assets/L3/v1completed_L3_replay_040,92,83
v1completed_L3_replay_041,0,L3,open_the_top_drawer_and_put_the_bowl_inside,0,TRAIN,INNER_TRAIN,v1_replay,V1补齐版本,v1completed_L3_replay_041,v1completed_L3_replay_041,L3-validation-rep02-init05,608150205,V1补齐版本/generated_v1_assets/L3/v1completed_L3_replay_041,95,83
v1completed_L3_replay_042,0,L3,open_the_top_drawer_and_put_the_bowl_inside,0,TRAIN,INNER_TRAIN,v1_replay,V1补齐版本,v1completed_L3_replay_042,v1completed_L3_replay_042,L3-validation-rep02-init08,608150208,V1补齐版本/generated_v1_assets/L3/v1completed_L3_replay_042,91,83
v1completed_L3_replay_044,0,L3,open_the_top_drawer_and_put_the_bowl_inside,0,TRAIN,INNER_TRAIN,v1_replay,V1补齐版本,v1completed_L3_replay_044,v1completed_L3_replay_044,ood-robot-L3-0406,608150009,V1补齐版本/generated_v1_assets/L3/v1completed_L3_replay_044,86,83
v1completed_L3_replay_045,0,L3,open_the_top_drawer_and_put_the_bowl_inside,1,SEEN_EVAL,,v1_replay,V1补齐版本,v1completed_L3_replay_045,v1completed_L3_replay_045,ood-robot-L3-0414,608150017,V1补齐版本/generated_v1_assets/L3/v1completed_L3_replay_045,150,83
v1completed_L3_replay_046,0,L3,open_the_top_drawer_and_put_the_bowl_inside,0,TRAIN,INTERNAL_VALIDATION,v1_replay,V1补齐版本,v1completed_L3_replay_046,v1completed_L3_replay_046,stage3b-robot-L3-0416,608150005,V1补齐版本/generated_v1_assets/L3/v1completed_L3_replay_046,95,83
v1completed_L3_replay_047,0,L3,open_the_top_drawer_and_put_the_bowl_inside,0,SEEN_EVAL,,v1_replay,V1补齐版本,v1completed_L3_replay_047,v1completed_L3_replay_047,stage3b-robot-L3-0421,608150013,V1补齐版本/generated_v1_assets/L3/v1completed_L3_replay_047,110,83
v1completed_L3_replay_048,0,L3,open_the_top_drawer_and_put_the_bowl_inside,0,TRAIN,INNER_TRAIN,v1_replay,V1补齐版本,v1completed_L3_replay_048,v1completed_L3_replay_048,stage3b-robot-L3-0422,608150016,V1补齐版本/generated_v1_assets/L3/v1completed_L3_replay_048,99,83
v1completed_L3_replay_049,0,L3,open_the_top_drawer_and_put_the_bowl_inside,0,SEEN_EVAL,,v1_replay,V1补齐版本,v1completed_L3_replay_049,v1completed_L3_replay_049,stage3b-robot-L3-0423,608150001,V1补齐版本/generated_v1_assets/L3/v1completed_L3_replay_049,86,83
v1completed_L4_replay_003,1,L4,KITCHEN_SCENE6_put_the_yellow_and_white_mug_in_the_microwave_and_close_it,1,TRAIN,INTERNAL_VALIDATION,v1_replay,V1补齐版本,v1completed_L4_replay_003,v1completed_L4_replay_003,L4-test-rep04-init00,608210400,V1补齐版本/generated_v1_assets/L4/v1completed_L4_replay_003,260,122
v1completed_L4_replay_005,1,L4,KITCHEN_SCENE6_put_the_yellow_and_white_mug_in_the_microwave_and_close_it,1,TRAIN,INNER_TRAIN,v1_replay,V1补齐版本,v1completed_L4_replay_005,v1completed_L4_replay_005,L4-test-rep04-init09,608210409,V1补齐版本/generated_v1_assets/L4/v1completed_L4_replay_005,260,122
v1completed_L4_replay_006,1,L4,KITCHEN_SCENE6_put_the_yellow_and_white_mug_in_the_microwave_and_close_it,1,SEEN_EVAL,,v1_replay,V1补齐版本,v1completed_L4_replay_006,v1completed_L4_replay_006,L4-train-rep00-init02,608210002,V1补齐版本/generated_v1_assets/L4/v1completed_L4_replay_006,260,122
v1completed_L4_replay_007,1,L4,KITCHEN_SCENE6_put_the_yellow_and_white_mug_in_the_microwave_and_close_it,1,SEEN_EVAL,,v1_replay,V1补齐版本,v1completed_L4_replay_007,v1completed_L4_replay_007,L4-train-rep01-init02,608210102,V1补齐版本/generated_v1_assets/L4/v1completed_L4_replay_007,260,122
v1completed_L4_replay_009,1,L4,KITCHEN_SCENE6_put_the_yellow_and_white_mug_in_the_microwave_and_close_it,1,SEEN_EVAL,,v1_replay,V1补齐版本,v1completed_L4_replay_009,v1completed_L4_replay_009,L4-validation-rep02-init02,608210202,V1补齐版本/generated_v1_assets/L4/v1completed_L4_replay_009,260,122
v1completed_L4_replay_013,1,L4,KITCHEN_SCENE6_put_the_yellow_and_white_mug_in_the_microwave_and_close_it,1,SEEN_EVAL,,v1_replay,V1补齐版本,v1completed_L4_replay_013,v1completed_L4_replay_013,ood-robot-L4-0651,608150026,V1补齐版本/generated_v1_assets/L4/v1completed_L4_replay_013,260,122
v1completed_L4_replay_018,1,L4,KITCHEN_SCENE6_put_the_yellow_and_white_mug_in_the_microwave_and_close_it,1,TRAIN,INNER_TRAIN,v1_replay,V1补齐版本,v1completed_L4_replay_018,v1completed_L4_replay_018,ood-robot-L4-0661,608150021,V1补齐版本/generated_v1_assets/L4/v1completed_L4_replay_018,260,122
v1completed_L4_replay_023,1,L4,KITCHEN_SCENE6_put_the_yellow_and_white_mug_in_the_microwave_and_close_it,1,TRAIN,INNER_TRAIN,v1_replay,V1补齐版本,v1completed_L4_replay_023,v1completed_L4_replay_023,ood-robot-L4-0673,608150037,V1补齐版本/generated_v1_assets/L4/v1completed_L4_replay_023,260,122
v1completed_L4_replay_025,1,L4,KITCHEN_SCENE6_put_the_yellow_and_white_mug_in_the_microwave_and_close_it,1,TRAIN,INTERNAL_VALIDATION,v1_replay,V1补齐版本,v1completed_L4_replay_025,v1completed_L4_replay_025,ood-robot-L4-0676,608150023,V1补齐版本/generated_v1_assets/L4/v1completed_L4_replay_025,260,122
v1completed_L4_replay_026,1,L4,KITCHEN_SCENE6_put_the_yellow_and_white_mug_in_the_microwave_and_close_it,1,SEEN_EVAL,,v1_replay,V1补齐版本,v1completed_L4_replay_026,v1completed_L4_replay_026,ood-robot-L4-0679,608150028,V1补齐版本/generated_v1_assets/L4/v1completed_L4_replay_026,260,122
v1completed_L4_replay_031,1,L4,KITCHEN_SCENE6_put_the_yellow_and_white_mug_in_the_microwave_and_close_it,1,SEEN_EVAL,,v1_replay,V1补齐版本,v1completed_L4_replay_031,v1completed_L4_replay_031,stage3b-robot-L4-0645,608151005,V1补齐版本/generated_v1_assets/L4/v1completed_L4_replay_031,260,122
v1completed_L4_replay_035,1,L4,KITCHEN_SCENE6_put_the_yellow_and_white_mug_in_the_microwave_and_close_it,1,TRAIN,INNER_TRAIN,v1_replay,V1补齐版本,v1completed_L4_replay_035,v1completed_L4_replay_035,stage3b-robot-L4-0660,608151013,V1补齐版本/generated_v1_assets/L4/v1completed_L4_replay_035,260,122
v1completed_L4_replay_038,1,L4,KITCHEN_SCENE6_put_the_yellow_and_white_mug_in_the_microwave_and_close_it,1,TRAIN,INNER_TRAIN,v1_replay,V1补齐版本,v1completed_L4_replay_038,v1completed_L4_replay_038,stage3b-robot-L4-0668,608151009,V1补齐版本/generated_v1_assets/L4/v1completed_L4_replay_038,260,122
v1completed_L4_replay_041,1,L4,KITCHEN_SCENE6_put_the_yellow_and_white_mug_in_the_microwave_and_close_it,1,TRAIN,INNER_TRAIN,v1_replay,V1补齐版本,v1completed_L4_replay_041,v1completed_L4_replay_041,stage3b-robot-L4-0677,608151016,V1补齐版本/generated_v1_assets/L4/v1completed_L4_replay_041,260,122
v1completed_L4_replay_045,1,L4,KITCHEN_SCENE6_put_the_yellow_and_white_mug_in_the_microwave_and_close_it,1,SEEN_EVAL,,v1_replay,V1补齐版本,v1completed_L4_replay_045,v1completed_L4_replay_045,stage4b-seen-L4-0652,608160009,V1补齐版本/generated_v1_assets/L4/v1completed_L4_replay_045,260,122
v1completed_external_L4_libero10_v2_selected_450,1,L4,KITCHEN_SCENE6_put_the_yellow_and_white_mug_in_the_microwave_and_close_it,0,SEEN_EVAL,,external_v2,fully_instrumented_libero10_v2,libero10_v2_selected_450,libero10_task09_rollout000,,202617250,fully_instrumented_libero10_v1/tasks/task_09/rollout_000,189,122
v1completed_external_L4_libero10_v2_selected_451,1,L4,KITCHEN_SCENE6_put_the_yellow_and_white_mug_in_the_microwave_and_close_it,0,SEEN_EVAL,,external_v2,fully_instrumented_libero10_v2,libero10_v2_selected_451,libero10_task09_rollout001,,202617251,fully_instrumented_libero10_v1/tasks/task_09/rollout_001,156,122
v1completed_external_L4_libero10_v2_selected_452,1,L4,KITCHEN_SCENE6_put_the_yellow_and_white_mug_in_the_microwave_and_close_it,0,SEEN_EVAL,,external_v2,fully_instrumented_libero10_v2,libero10_v2_selected_452,libero10_task09_rollout002,,202617252,fully_instrumented_libero10_v1/tasks/task_09/rollout_002,235,122
v1completed_external_L4_libero10_v2_selected_455,1,L4,KITCHEN_SCENE6_put_the_yellow_and_white_mug_in_the_microwave_and_close_it,1,TRAIN,INNER_TRAIN,external_v2,fully_instrumented_libero10_v2,libero10_v2_selected_455,libero10_task09_rollout005,,202617255,fully_instrumented_libero10_v1/tasks/task_09/rollout_005,260,122
v1completed_external_L4_libero10_v2_selected_456,1,L4,KITCHEN_SCENE6_put_the_yellow_and_white_mug_in_the_microwave_and_close_it,1,TRAIN,INNER_TRAIN,external_v2,fully_instrumented_libero10_v2,libero10_v2_selected_456,libero10_task09_rollout006,,202617256,fully_instrumented_libero10_v1/tasks/task_09/rollout_006,260,122
v1completed_external_L4_libero10_v2_selected_457,1,L4,KITCHEN_SCENE6_put_the_yellow_and_white_mug_in_the_microwave_and_close_it,0,TRAIN,INNER_TRAIN,external_v2,fully_instrumented_libero10_v2,libero10_v2_selected_457,libero10_task09_rollout007,,202617257,fully_instrumented_libero10_v1/tasks/task_09/rollout_007,154,122
v1completed_external_L4_libero10_v2_selected_459,1,L4,KITCHEN_SCENE6_put_the_yellow_and_white_mug_in_the_microwave_and_close_it,0,SEEN_EVAL,,external_v2,fully_instrumented_libero10_v2,libero10_v2_selected_459,libero10_task09_rollout009,,202617259,fully_instrumented_libero10_v1/tasks/task_09/rollout_009,152,122
v1completed_external_L4_libero10_v2_selected_460,1,L4,KITCHEN_SCENE6_put_the_yellow_and_white_mug_in_the_microwave_and_close_it,0,SEEN_EVAL,,external_v2,fully_instrumented_libero10_v2,libero10_v2_selected_460,libero10_task09_rollout010,,202617260,fully_instrumented_libero10_v1/tasks/task_09/rollout_010,158,122
v1completed_external_L4_libero10_v2_selected_462,1,L4,KITCHEN_SCENE6_put_the_yellow_and_white_mug_in_the_microwave_and_close_it,0,TRAIN,INNER_TRAIN,external_v2,fully_instrumented_libero10_v2,libero10_v2_selected_462,libero10_task09_rollout012,,202617262,fully_instrumented_libero10_v1/tasks/task_09/rollout_012,132,122
v1completed_external_L4_libero10_v2_selected_463,1,L4,KITCHEN_SCENE6_put_the_yellow_and_white_mug_in_the_microwave_and_close_it,1,TRAIN,INTERNAL_VALIDATION,external_v2,fully_instrumented_libero10_v2,libero10_v2_selected_463,libero10_task09_rollout013,,202617263,fully_instrumented_libero10_v1/tasks/task_09/rollout_013,260,122
v1completed_external_L4_libero10_v2_selected_464,1,L4,KITCHEN_SCENE6_put_the_yellow_and_white_mug_in_the_microwave_and_close_it,0,TRAIN,INNER_TRAIN,external_v2,fully_instrumented_libero10_v2,libero10_v2_selected_464,libero10_task09_rollout014,,202617264,fully_instrumented_libero10_v1/tasks/task_09/rollout_014,133,122
v1completed_external_L4_libero10_v2_selected_466,1,L4,KITCHEN_SCENE6_put_the_yellow_and_white_mug_in_the_microwave_and_close_it,1,TRAIN,INNER_TRAIN,external_v2,fully_instrumented_libero10_v2,libero10_v2_selected_466,libero10_task09_rollout016,,202617266,fully_instrumented_libero10_v1/tasks/task_09/rollout_016,260,122
v1completed_external_L4_libero10_v2_selected_467,1,L4,KITCHEN_SCENE6_put_the_yellow_and_white_mug_in_the_microwave_and_close_it,0,TRAIN,INNER_TRAIN,external_v2,fully_instrumented_libero10_v2,libero10_v2_selected_467,libero10_task09_rollout017,,202617267,fully_instrumented_libero10_v1/tasks/task_09/rollout_017,135,122
v1completed_external_L4_libero10_v2_selected_468,1,L4,KITCHEN_SCENE6_put_the_yellow_and_white_mug_in_the_microwave_and_close_it,0,SEEN_EVAL,,external_v2,fully_instrumented_libero10_v2,libero10_v2_selected_468,libero10_task09_rollout018,,202617268,fully_instrumented_libero10_v1/tasks/task_09/rollout_018,232,122
v1completed_external_L4_libero10_v2_selected_469,1,L4,KITCHEN_SCENE6_put_the_yellow_and_white_mug_in_the_microwave_and_close_it,0,SEEN_EVAL,,external_v2,fully_instrumented_libero10_v2,libero10_v2_selected_469,libero10_task09_rollout019,,202617269,fully_instrumented_libero10_v1/tasks/task_09/rollout_019,183,122
v1completed_external_L4_libero10_v2_selected_470,1,L4,KITCHEN_SCENE6_put_the_yellow_and_white_mug_in_the_microwave_and_close_it,0,TRAIN,INNER_TRAIN,external_v2,fully_instrumented_libero10_v2,libero10_v2_selected_470,libero10_task09_rollout020,,202617270,fully_instrumented_libero10_v1/tasks/task_09/rollout_020,154,122
v1completed_external_L4_libero10_v2_selected_472,1,L4,KITCHEN_SCENE6_put_the_yellow_and_white_mug_in_the_microwave_and_close_it,0,SEEN_EVAL,,external_v2,fully_instrumented_libero10_v2,libero10_v2_selected_472,libero10_task09_rollout022,,202617272,fully_instrumented_libero10_v1/tasks/task_09/rollout_022,252,122
v1completed_external_L4_libero10_v2_selected_473,1,L4,KITCHEN_SCENE6_put_the_yellow_and_white_mug_in_the_microwave_and_close_it,1,TRAIN,INNER_TRAIN,external_v2,fully_instrumented_libero10_v2,libero10_v2_selected_473,libero10_task09_rollout023,,202617273,fully_instrumented_libero10_v1/tasks/task_09/rollout_023,260,122
v1completed_external_L4_libero10_v2_selected_477,1,L4,KITCHEN_SCENE6_put_the_yellow_and_white_mug_in_the_microwave_and_close_it,1,SEEN_EVAL,,external_v2,fully_instrumented_libero10_v2,libero10_v2_selected_477,libero10_task09_rollout027,,202617277,fully_instrumented_libero10_v1/tasks/task_09/rollout_027,260,122
v1completed_external_L4_libero10_v2_selected_478,1,L4,KITCHEN_SCENE6_put_the_yellow_and_white_mug_in_the_microwave_and_close_it,0,TRAIN,INNER_TRAIN,external_v2,fully_instrumented_libero10_v2,libero10_v2_selected_478,libero10_task09_rollout028,,202617278,fully_instrumented_libero10_v1/tasks/task_09/rollout_028,145,122
v1completed_external_L4_libero10_v2_selected_479,1,L4,KITCHEN_SCENE6_put_the_yellow_and_white_mug_in_the_microwave_and_close_it,0,TRAIN,INNER_TRAIN,external_v2,fully_instrumented_libero10_v2,libero10_v2_selected_479,libero10_task09_rollout029,,202617279,fully_instrumented_libero10_v1/tasks/task_09/rollout_029,171,122
v1completed_external_L4_libero10_v2_selected_480,1,L4,KITCHEN_SCENE6_put_the_yellow_and_white_mug_in_the_microwave_and_close_it,0,TRAIN,INTERNAL_VALIDATION,external_v2,fully_instrumented_libero10_v2,libero10_v2_selected_480,libero10_task09_rollout030,,202617280,fully_instrumented_libero10_v1/tasks/task_09/rollout_030,148,122
v1completed_external_L4_libero10_v2_selected_482,1,L4,KITCHEN_SCENE6_put_the_yellow_and_white_mug_in_the_microwave_and_close_it,0,TRAIN,INNER_TRAIN,external_v2,fully_instrumented_libero10_v2,libero10_v2_selected_482,libero10_task09_rollout032,,202617282,fully_instrumented_libero10_v1/tasks/task_09/rollout_032,134,122
v1completed_external_L4_libero10_v2_selected_485,1,L4,KITCHEN_SCENE6_put_the_yellow_and_white_mug_in_the_microwave_and_close_it,1,SEEN_EVAL,,external_v2,fully_instrumented_libero10_v2,libero10_v2_selected_485,libero10_task09_rollout035,,202617285,fully_instrumented_libero10_v1/tasks/task_09/rollout_035,260,122
v1completed_external_L4_libero10_v2_selected_487,1,L4,KITCHEN_SCENE6_put_the_yellow_and_white_mug_in_the_microwave_and_close_it,0,SEEN_EVAL,,external_v2,fully_instrumented_libero10_v2,libero10_v2_selected_487,libero10_task09_rollout037,,202617287,fully_instrumented_libero10_v1/tasks/task_09/rollout_037,140,122
v1completed_external_L4_libero10_v2_selected_488,1,L4,KITCHEN_SCENE6_put_the_yellow_and_white_mug_in_the_microwave_and_close_it,0,TRAIN,INTERNAL_VALIDATION,external_v2,fully_instrumented_libero10_v2,libero10_v2_selected_488,libero10_task09_rollout038,,202617288,fully_instrumented_libero10_v1/tasks/task_09/rollout_038,141,122
v1completed_external_L4_libero10_v2_selected_489,1,L4,KITCHEN_SCENE6_put_the_yellow_and_white_mug_in_the_microwave_and_close_it,0,TRAIN,INNER_TRAIN,external_v2,fully_instrumented_libero10_v2,libero10_v2_selected_489,libero10_task09_rollout039,,202617289,fully_instrumented_libero10_v1/tasks/task_09/rollout_039,196,122
v1completed_external_L4_libero10_v2_selected_490,1,L4,KITCHEN_SCENE6_put_the_yellow_and_white_mug_in_the_microwave_and_close_it,1,SEEN_EVAL,,external_v2,fully_instrumented_libero10_v2,libero10_v2_selected_490,libero10_task09_rollout040,,202617290,fully_instrumented_libero10_v1/tasks/task_09/rollout_040,260,122
v1completed_external_L4_libero10_v2_selected_492,1,L4,KITCHEN_SCENE6_put_the_yellow_and_white_mug_in_the_microwave_and_close_it,1,TRAIN,INNER_TRAIN,external_v2,fully_instrumented_libero10_v2,libero10_v2_selected_492,libero10_task09_rollout042,,202617292,fully_instrumented_libero10_v1/tasks/task_09/rollout_042,260,122
v1completed_external_L4_libero10_v2_selected_494,1,L4,KITCHEN_SCENE6_put_the_yellow_and_white_mug_in_the_microwave_and_close_it,0,SEEN_EVAL,,external_v2,fully_instrumented_libero10_v2,libero10_v2_selected_494,libero10_task09_rollout044,,202617294,fully_instrumented_libero10_v1/tasks/task_09/rollout_044,211,122
v1completed_external_L4_libero10_v2_selected_495,1,L4,KITCHEN_SCENE6_put_the_yellow_and_white_mug_in_the_microwave_and_close_it,0,TRAIN,INNER_TRAIN,external_v2,fully_instrumented_libero10_v2,libero10_v2_selected_495,libero10_task09_rollout045,,202617295,fully_instrumented_libero10_v1/tasks/task_09/rollout_045,150,122
v1completed_external_L4_libero10_v2_selected_496,1,L4,KITCHEN_SCENE6_put_the_yellow_and_white_mug_in_the_microwave_and_close_it,0,TRAIN,INNER_TRAIN,external_v2,fully_instrumented_libero10_v2,libero10_v2_selected_496,libero10_task09_rollout046,,202617296,fully_instrumented_libero10_v1/tasks/task_09/rollout_046,122,122
v1completed_external_L4_libero10_v2_selected_497,1,L4,KITCHEN_SCENE6_put_the_yellow_and_white_mug_in_the_microwave_and_close_it,0,TRAIN,INTERNAL_VALIDATION,external_v2,fully_instrumented_libero10_v2,libero10_v2_selected_497,libero10_task09_rollout047,,202617297,fully_instrumented_libero10_v1/tasks/task_09/rollout_047,145,122
v1completed_external_L4_libero10_v2_selected_498,1,L4,KITCHEN_SCENE6_put_the_yellow_and_white_mug_in_the_microwave_and_close_it,0,TRAIN,INNER_TRAIN,external_v2,fully_instrumented_libero10_v2,libero10_v2_selected_498,libero10_task09_rollout048,,202617298,fully_instrumented_libero10_v1/tasks/task_09/rollout_048,158,122
v1completed_external_L4_libero10_v2_selected_499,1,L4,KITCHEN_SCENE6_put_the_yellow_and_white_mug_in_the_microwave_and_close_it,1,TRAIN,INNER_TRAIN,external_v2,fully_instrumented_libero10_v2,libero10_v2_selected_499,libero10_task09_rollout049,,202617299,fully_instrumented_libero10_v1/tasks/task_09/rollout_049,260,122
v1completed_L5_replay_004,2,L5,LIVING_ROOM_SCENE5_put_the_white_mug_on_the_left_plate_and_put_the_yellow_and_white_mug_on_the_right_plate,1,TRAIN,INNER_TRAIN,v1_replay,V1补齐版本,v1completed_L5_replay_004,v1completed_L5_replay_004,L5-test-rep04-init01,608160401,V1补齐版本/generated_v1_assets/L5/v1completed_L5_replay_004,260,105
v1completed_L5_replay_009,2,L5,LIVING_ROOM_SCENE5_put_the_white_mug_on_the_left_plate_and_put_the_yellow_and_white_mug_on_the_right_plate,1,SEEN_EVAL,,v1_replay,V1补齐版本,v1completed_L5_replay_009,v1completed_L5_replay_009,L5-train-rep00-init05,608160005,V1补齐版本/generated_v1_assets/L5/v1completed_L5_replay_009,260,105
v1completed_L5_replay_014,2,L5,LIVING_ROOM_SCENE5_put_the_white_mug_on_the_left_plate_and_put_the_yellow_and_white_mug_on_the_right_plate,1,SEEN_EVAL,,v1_replay,V1补齐版本,v1completed_L5_replay_014,v1completed_L5_replay_014,L5-validation-rep02-init02,608160202,V1补齐版本/generated_v1_assets/L5/v1completed_L5_replay_014,260,105
v1completed_L5_replay_019,2,L5,LIVING_ROOM_SCENE5_put_the_white_mug_on_the_left_plate_and_put_the_yellow_and_white_mug_on_the_right_plate,1,TRAIN,INNER_TRAIN,v1_replay,V1补齐版本,v1completed_L5_replay_019,v1completed_L5_replay_019,ood-robot-L5-0459,608150042,V1补齐版本/generated_v1_assets/L5/v1completed_L5_replay_019,260,105
v1completed_L5_replay_024,2,L5,LIVING_ROOM_SCENE5_put_the_white_mug_on_the_left_plate_and_put_the_yellow_and_white_mug_on_the_right_plate,1,TRAIN,INNER_TRAIN,v1_replay,V1补齐版本,v1completed_L5_replay_024,v1completed_L5_replay_024,ood-robot-L5-0477,608150057,V1补齐版本/generated_v1_assets/L5/v1completed_L5_replay_024,260,105
v1completed_L5_replay_027,2,L5,LIVING_ROOM_SCENE5_put_the_white_mug_on_the_left_plate_and_put_the_yellow_and_white_mug_on_the_right_plate,1,SEEN_EVAL,,v1_replay,V1补齐版本,v1completed_L5_replay_027,v1completed_L5_replay_027,ood-robot-L5-0487,608150049,V1补齐版本/generated_v1_assets/L5/v1completed_L5_replay_027,260,105
v1completed_L5_replay_028,2,L5,LIVING_ROOM_SCENE5_put_the_white_mug_on_the_left_plate_and_put_the_yellow_and_white_mug_on_the_right_plate,1,TRAIN,INNER_TRAIN,v1_replay,V1补齐版本,v1completed_L5_replay_028,v1completed_L5_replay_028,stage3b-robot-L5-0467,608152001,V1补齐版本/generated_v1_assets/L5/v1completed_L5_replay_028,260,105
v1completed_L5_replay_031,2,L5,LIVING_ROOM_SCENE5_put_the_white_mug_on_the_left_plate_and_put_the_yellow_and_white_mug_on_the_right_plate,1,SEEN_EVAL,,v1_replay,V1补齐版本,v1completed_L5_replay_031,v1completed_L5_replay_031,stage3b-robot-L5-0476,608152006,V1补齐版本/generated_v1_assets/L5/v1completed_L5_replay_031,260,105
v1completed_L5_replay_033,2,L5,LIVING_ROOM_SCENE5_put_the_white_mug_on_the_left_plate_and_put_the_yellow_and_white_mug_on_the_right_plate,1,TRAIN,INNER_TRAIN,v1_replay,V1补齐版本,v1completed_L5_replay_033,v1completed_L5_replay_033,stage3b-robot-L5-0481,608152017,V1补齐版本/generated_v1_assets/L5/v1completed_L5_replay_033,260,105
v1completed_L5_replay_036,2,L5,LIVING_ROOM_SCENE5_put_the_white_mug_on_the_left_plate_and_put_the_yellow_and_white_mug_on_the_right_plate,1,TRAIN,INTERNAL_VALIDATION,v1_replay,V1补齐版本,v1completed_L5_replay_036,v1completed_L5_replay_036,stage3b-robot-L5-0485,608152004,V1补齐版本/generated_v1_assets/L5/v1completed_L5_replay_036,260,105
v1completed_L5_replay_040,2,L5,LIVING_ROOM_SCENE5_put_the_white_mug_on_the_left_plate_and_put_the_yellow_and_white_mug_on_the_right_plate,1,SEEN_EVAL,,v1_replay,V1补齐版本,v1completed_L5_replay_040,v1completed_L5_replay_040,stage3b-robot-L5-0491,608152016,V1补齐版本/generated_v1_assets/L5/v1completed_L5_replay_040,260,105
v1completed_external_L5_libero10_v2_selected_201,2,L5,LIVING_ROOM_SCENE5_put_the_white_mug_on_the_left_plate_and_put_the_yellow_and_white_mug_on_the_right_plate,0,SEEN_EVAL,,external_v2,fully_instrumented_libero10_v2,libero10_v2_selected_201,libero10_task04_rollout001,,202612251,fully_instrumented_libero10_v1/tasks/task_04/rollout_001,105,105
v1completed_external_L5_libero10_v2_selected_203,2,L5,LIVING_ROOM_SCENE5_put_the_white_mug_on_the_left_plate_and_put_the_yellow_and_white_mug_on_the_right_plate,1,TRAIN,INNER_TRAIN,external_v2,fully_instrumented_libero10_v2,libero10_v2_selected_203,libero10_task04_rollout003,,202612253,fully_instrumented_libero10_v1/tasks/task_04/rollout_003,260,105
v1completed_external_L5_libero10_v2_selected_204,2,L5,LIVING_ROOM_SCENE5_put_the_white_mug_on_the_left_plate_and_put_the_yellow_and_white_mug_on_the_right_plate,0,TRAIN,INNER_TRAIN,external_v2,fully_instrumented_libero10_v2,libero10_v2_selected_204,libero10_task04_rollout004,,202612254,fully_instrumented_libero10_v1/tasks/task_04/rollout_004,130,105
v1completed_external_L5_libero10_v2_selected_205,2,L5,LIVING_ROOM_SCENE5_put_the_white_mug_on_the_left_plate_and_put_the_yellow_and_white_mug_on_the_right_plate,1,TRAIN,INTERNAL_VALIDATION,external_v2,fully_instrumented_libero10_v2,libero10_v2_selected_205,libero10_task04_rollout005,,202612255,fully_instrumented_libero10_v1/tasks/task_04/rollout_005,260,105
v1completed_external_L5_libero10_v2_selected_206,2,L5,LIVING_ROOM_SCENE5_put_the_white_mug_on_the_left_plate_and_put_the_yellow_and_white_mug_on_the_right_plate,1,SEEN_EVAL,,external_v2,fully_instrumented_libero10_v2,libero10_v2_selected_206,libero10_task04_rollout006,,202612256,fully_instrumented_libero10_v1/tasks/task_04/rollout_006,260,105
v1completed_external_L5_libero10_v2_selected_207,2,L5,LIVING_ROOM_SCENE5_put_the_white_mug_on_the_left_plate_and_put_the_yellow_and_white_mug_on_the_right_plate,0,TRAIN,INNER_TRAIN,external_v2,fully_instrumented_libero10_v2,libero10_v2_selected_207,libero10_task04_rollout007,,202612257,fully_instrumented_libero10_v1/tasks/task_04/rollout_007,160,105
v1completed_external_L5_libero10_v2_selected_208,2,L5,LIVING_ROOM_SCENE5_put_the_white_mug_on_the_left_plate_and_put_the_yellow_and_white_mug_on_the_right_plate,0,SEEN_EVAL,,external_v2,fully_instrumented_libero10_v2,libero10_v2_selected_208,libero10_task04_rollout008,,202612258,fully_instrumented_libero10_v1/tasks/task_04/rollout_008,116,105
v1completed_external_L5_libero10_v2_selected_210,2,L5,LIVING_ROOM_SCENE5_put_the_white_mug_on_the_left_plate_and_put_the_yellow_and_white_mug_on_the_right_plate,1,TRAIN,INNER_TRAIN,external_v2,fully_instrumented_libero10_v2,libero10_v2_selected_210,libero10_task04_rollout010,,202612260,fully_instrumented_libero10_v1/tasks/task_04/rollout_010,260,105
v1completed_external_L5_libero10_v2_selected_211,2,L5,LIVING_ROOM_SCENE5_put_the_white_mug_on_the_left_plate_and_put_the_yellow_and_white_mug_on_the_right_plate,0,TRAIN,INTERNAL_VALIDATION,external_v2,fully_instrumented_libero10_v2,libero10_v2_selected_211,libero10_task04_rollout011,,202612261,fully_instrumented_libero10_v1/tasks/task_04/rollout_011,243,105
v1completed_external_L5_libero10_v2_selected_213,2,L5,LIVING_ROOM_SCENE5_put_the_white_mug_on_the_left_plate_and_put_the_yellow_and_white_mug_on_the_right_plate,0,TRAIN,INNER_TRAIN,external_v2,fully_instrumented_libero10_v2,libero10_v2_selected_213,libero10_task04_rollout013,,202612263,fully_instrumented_libero10_v1/tasks/task_04/rollout_013,121,105
v1completed_external_L5_libero10_v2_selected_214,2,L5,LIVING_ROOM_SCENE5_put_the_white_mug_on_the_left_plate_and_put_the_yellow_and_white_mug_on_the_right_plate,0,SEEN_EVAL,,external_v2,fully_instrumented_libero10_v2,libero10_v2_selected_214,libero10_task04_rollout014,,202612264,fully_instrumented_libero10_v1/tasks/task_04/rollout_014,174,105
v1completed_external_L5_libero10_v2_selected_217,2,L5,LIVING_ROOM_SCENE5_put_the_white_mug_on_the_left_plate_and_put_the_yellow_and_white_mug_on_the_right_plate,1,SEEN_EVAL,,external_v2,fully_instrumented_libero10_v2,libero10_v2_selected_217,libero10_task04_rollout017,,202612267,fully_instrumented_libero10_v1/tasks/task_04/rollout_017,260,105
v1completed_external_L5_libero10_v2_selected_218,2,L5,LIVING_ROOM_SCENE5_put_the_white_mug_on_the_left_plate_and_put_the_yellow_and_white_mug_on_the_right_plate,0,SEEN_EVAL,,external_v2,fully_instrumented_libero10_v2,libero10_v2_selected_218,libero10_task04_rollout018,,202612268,fully_instrumented_libero10_v1/tasks/task_04/rollout_018,186,105
v1completed_external_L5_libero10_v2_selected_220,2,L5,LIVING_ROOM_SCENE5_put_the_white_mug_on_the_left_plate_and_put_the_yellow_and_white_mug_on_the_right_plate,0,SEEN_EVAL,,external_v2,fully_instrumented_libero10_v2,libero10_v2_selected_220,libero10_task04_rollout020,,202612270,fully_instrumented_libero10_v1/tasks/task_04/rollout_020,128,105
v1completed_external_L5_libero10_v2_selected_221,2,L5,LIVING_ROOM_SCENE5_put_the_white_mug_on_the_left_plate_and_put_the_yellow_and_white_mug_on_the_right_plate,0,TRAIN,INNER_TRAIN,external_v2,fully_instrumented_libero10_v2,libero10_v2_selected_221,libero10_task04_rollout021,,202612271,fully_instrumented_libero10_v1/tasks/task_04/rollout_021,128,105
v1completed_external_L5_libero10_v2_selected_222,2,L5,LIVING_ROOM_SCENE5_put_the_white_mug_on_the_left_plate_and_put_the_yellow_and_white_mug_on_the_right_plate,1,TRAIN,INNER_TRAIN,external_v2,fully_instrumented_libero10_v2,libero10_v2_selected_222,libero10_task04_rollout022,,202612272,fully_instrumented_libero10_v1/tasks/task_04/rollout_022,260,105
v1completed_external_L5_libero10_v2_selected_223,2,L5,LIVING_ROOM_SCENE5_put_the_white_mug_on_the_left_plate_and_put_the_yellow_and_white_mug_on_the_right_plate,1,TRAIN,INTERNAL_VALIDATION,external_v2,fully_instrumented_libero10_v2,libero10_v2_selected_223,libero10_task04_rollout023,,202612273,fully_instrumented_libero10_v1/tasks/task_04/rollout_023,260,105
v1completed_external_L5_libero10_v2_selected_224,2,L5,LIVING_ROOM_SCENE5_put_the_white_mug_on_the_left_plate_and_put_the_yellow_and_white_mug_on_the_right_plate,0,SEEN_EVAL,,external_v2,fully_instrumented_libero10_v2,libero10_v2_selected_224,libero10_task04_rollout024,,202612274,fully_instrumented_libero10_v1/tasks/task_04/rollout_024,213,105
v1completed_external_L5_libero10_v2_selected_225,2,L5,LIVING_ROOM_SCENE5_put_the_white_mug_on_the_left_plate_and_put_the_yellow_and_white_mug_on_the_right_plate,0,TRAIN,INNER_TRAIN,external_v2,fully_instrumented_libero10_v2,libero10_v2_selected_225,libero10_task04_rollout025,,202612275,fully_instrumented_libero10_v1/tasks/task_04/rollout_025,144,105
v1completed_external_L5_libero10_v2_selected_226,2,L5,LIVING_ROOM_SCENE5_put_the_white_mug_on_the_left_plate_and_put_the_yellow_and_white_mug_on_the_right_plate,0,SEEN_EVAL,,external_v2,fully_instrumented_libero10_v2,libero10_v2_selected_226,libero10_task04_rollout026,,202612276,fully_instrumented_libero10_v1/tasks/task_04/rollout_026,140,105
v1completed_external_L5_libero10_v2_selected_227,2,L5,LIVING_ROOM_SCENE5_put_the_white_mug_on_the_left_plate_and_put_the_yellow_and_white_mug_on_the_right_plate,0,TRAIN,INNER_TRAIN,external_v2,fully_instrumented_libero10_v2,libero10_v2_selected_227,libero10_task04_rollout027,,202612277,fully_instrumented_libero10_v1/tasks/task_04/rollout_027,124,105
v1completed_external_L5_libero10_v2_selected_228,2,L5,LIVING_ROOM_SCENE5_put_the_white_mug_on_the_left_plate_and_put_the_yellow_and_white_mug_on_the_right_plate,0,TRAIN,INNER_TRAIN,external_v2,fully_instrumented_libero10_v2,libero10_v2_selected_228,libero10_task04_rollout028,,202612278,fully_instrumented_libero10_v1/tasks/task_04/rollout_028,144,105
v1completed_external_L5_libero10_v2_selected_229,2,L5,LIVING_ROOM_SCENE5_put_the_white_mug_on_the_left_plate_and_put_the_yellow_and_white_mug_on_the_right_plate,0,SEEN_EVAL,,external_v2,fully_instrumented_libero10_v2,libero10_v2_selected_229,libero10_task04_rollout029,,202612279,fully_instrumented_libero10_v1/tasks/task_04/rollout_029,127,105
v1completed_external_L5_libero10_v2_selected_230,2,L5,LIVING_ROOM_SCENE5_put_the_white_mug_on_the_left_plate_and_put_the_yellow_and_white_mug_on_the_right_plate,0,SEEN_EVAL,,external_v2,fully_instrumented_libero10_v2,libero10_v2_selected_230,libero10_task04_rollout030,,202612280,fully_instrumented_libero10_v1/tasks/task_04/rollout_030,129,105
v1completed_external_L5_libero10_v2_selected_232,2,L5,LIVING_ROOM_SCENE5_put_the_white_mug_on_the_left_plate_and_put_the_yellow_and_white_mug_on_the_right_plate,0,TRAIN,INNER_TRAIN,external_v2,fully_instrumented_libero10_v2,libero10_v2_selected_232,libero10_task04_rollout032,,202612282,fully_instrumented_libero10_v1/tasks/task_04/rollout_032,155,105
v1completed_external_L5_libero10_v2_selected_234,2,L5,LIVING_ROOM_SCENE5_put_the_white_mug_on_the_left_plate_and_put_the_yellow_and_white_mug_on_the_right_plate,0,TRAIN,INTERNAL_VALIDATION,external_v2,fully_instrumented_libero10_v2,libero10_v2_selected_234,libero10_task04_rollout034,,202612284,fully_instrumented_libero10_v1/tasks/task_04/rollout_034,165,105
v1completed_external_L5_libero10_v2_selected_236,2,L5,LIVING_ROOM_SCENE5_put_the_white_mug_on_the_left_plate_and_put_the_yellow_and_white_mug_on_the_right_plate,1,TRAIN,INNER_TRAIN,external_v2,fully_instrumented_libero10_v2,libero10_v2_selected_236,libero10_task04_rollout036,,202612286,fully_instrumented_libero10_v1/tasks/task_04/rollout_036,260,105
v1completed_external_L5_libero10_v2_selected_237,2,L5,LIVING_ROOM_SCENE5_put_the_white_mug_on_the_left_plate_and_put_the_yellow_and_white_mug_on_the_right_plate,0,TRAIN,INNER_TRAIN,external_v2,fully_instrumented_libero10_v2,libero10_v2_selected_237,libero10_task04_rollout037,,202612287,fully_instrumented_libero10_v1/tasks/task_04/rollout_037,133,105
v1completed_external_L5_libero10_v2_selected_238,2,L5,LIVING_ROOM_SCENE5_put_the_white_mug_on_the_left_plate_and_put_the_yellow_and_white_mug_on_the_right_plate,1,TRAIN,INNER_TRAIN,external_v2,fully_instrumented_libero10_v2,libero10_v2_selected_238,libero10_task04_rollout038,,202612288,fully_instrumented_libero10_v1/tasks/task_04/rollout_038,260,105
v1completed_external_L5_libero10_v2_selected_239,2,L5,LIVING_ROOM_SCENE5_put_the_white_mug_on_the_left_plate_and_put_the_yellow_and_white_mug_on_the_right_plate,0,TRAIN,INNER_TRAIN,external_v2,fully_instrumented_libero10_v2,libero10_v2_selected_239,libero10_task04_rollout039,,202612289,fully_instrumented_libero10_v1/tasks/task_04/rollout_039,148,105
v1completed_external_L5_libero10_v2_selected_240,2,L5,LIVING_ROOM_SCENE5_put_the_white_mug_on_the_left_plate_and_put_the_yellow_and_white_mug_on_the_right_plate,1,SEEN_EVAL,,external_v2,fully_instrumented_libero10_v2,libero10_v2_selected_240,libero10_task04_rollout040,,202612290,fully_instrumented_libero10_v1/tasks/task_04/rollout_040,260,105
v1completed_external_L5_libero10_v2_selected_241,2,L5,LIVING_ROOM_SCENE5_put_the_white_mug_on_the_left_plate_and_put_the_yellow_and_white_mug_on_the_right_plate,1,SEEN_EVAL,,external_v2,fully_instrumented_libero10_v2,libero10_v2_selected_241,libero10_task04_rollout041,,202612291,fully_instrumented_libero10_v1/tasks/task_04/rollout_041,260,105
v1completed_external_L5_libero10_v2_selected_242,2,L5,LIVING_ROOM_SCENE5_put_the_white_mug_on_the_left_plate_and_put_the_yellow_and_white_mug_on_the_right_plate,1,TRAIN,INNER_TRAIN,external_v2,fully_instrumented_libero10_v2,libero10_v2_selected_242,libero10_task04_rollout042,,202612292,fully_instrumented_libero10_v1/tasks/task_04/rollout_042,260,105
v1completed_external_L5_libero10_v2_selected_243,2,L5,LIVING_ROOM_SCENE5_put_the_white_mug_on_the_left_plate_and_put_the_yellow_and_white_mug_on_the_right_plate,0,TRAIN,INTERNAL_VALIDATION,external_v2,fully_instrumented_libero10_v2,libero10_v2_selected_243,libero10_task04_rollout043,,202612293,fully_instrumented_libero10_v1/tasks/task_04/rollout_043,145,105
v1completed_external_L5_libero10_v2_selected_244,2,L5,LIVING_ROOM_SCENE5_put_the_white_mug_on_the_left_plate_and_put_the_yellow_and_white_mug_on_the_right_plate,0,SEEN_EVAL,,external_v2,fully_instrumented_libero10_v2,libero10_v2_selected_244,libero10_task04_rollout044,,202612294,fully_instrumented_libero10_v1/tasks/task_04/rollout_044,126,105
v1completed_external_L5_libero10_v2_selected_245,2,L5,LIVING_ROOM_SCENE5_put_the_white_mug_on_the_left_plate_and_put_the_yellow_and_white_mug_on_the_right_plate,0,TRAIN,INNER_TRAIN,external_v2,fully_instrumented_libero10_v2,libero10_v2_selected_245,libero10_task04_rollout045,,202612295,fully_instrumented_libero10_v1/tasks/task_04/rollout_045,149,105
v1completed_external_L5_libero10_v2_selected_247,2,L5,LIVING_ROOM_SCENE5_put_the_white_mug_on_the_left_plate_and_put_the_yellow_and_white_mug_on_the_right_plate,0,TRAIN,INNER_TRAIN,external_v2,fully_instrumented_libero10_v2,libero10_v2_selected_247,libero10_task04_rollout047,,202612297,fully_instrumented_libero10_v1/tasks/task_04/rollout_047,239,105
v1completed_external_L5_libero10_v2_selected_248,2,L5,LIVING_ROOM_SCENE5_put_the_white_mug_on_the_left_plate_and_put_the_yellow_and_white_mug_on_the_right_plate,1,TRAIN,INNER_TRAIN,external_v2,fully_instrumented_libero10_v2,libero10_v2_selected_248,libero10_task04_rollout048,,202612298,fully_instrumented_libero10_v1/tasks/task_04/rollout_048,260,105
v1completed_external_L5_libero10_v2_selected_249,2,L5,LIVING_ROOM_SCENE5_put_the_white_mug_on_the_left_plate_and_put_the_yellow_and_white_mug_on_the_right_plate,1,SEEN_EVAL,,external_v2,fully_instrumented_libero10_v2,libero10_v2_selected_249,libero10_task04_rollout049,,202612299,fully_instrumented_libero10_v1/tasks/task_04/rollout_049,260,105
v1completed_L6_replay_000,3,L6,KITCHEN_SCENE3_turn_on_the_stove_and_put_the_moka_pot_on_it,1,TRAIN,INTERNAL_VALIDATION,v1_replay,V1补齐版本,v1completed_L6_replay_000,v1completed_L6_replay_000,stage4b-seen-L6-0390,608160035,V1补齐版本/generated_v1_assets/L6/v1completed_L6_replay_000,260,120
v1completed_L6_replay_001,3,L6,KITCHEN_SCENE3_turn_on_the_stove_and_put_the_moka_pot_on_it,1,SEEN_EVAL,,v1_replay,V1补齐版本,v1completed_L6_replay_001,v1completed_L6_replay_001,stage4b-seen-L6-0394,608160039,V1补齐版本/generated_v1_assets/L6/v1completed_L6_replay_001,260,120
v1completed_L6_replay_002,3,L6,KITCHEN_SCENE3_turn_on_the_stove_and_put_the_moka_pot_on_it,1,SEEN_EVAL,,v1_replay,V1补齐版本,v1completed_L6_replay_002,v1completed_L6_replay_002,stage4b-seen-L6-0398,608160043,V1补齐版本/generated_v1_assets/L6/v1completed_L6_replay_002,260,120
v1completed_L6_replay_004,3,L6,KITCHEN_SCENE3_turn_on_the_stove_and_put_the_moka_pot_on_it,1,SEEN_EVAL,,v1_replay,V1补齐版本,v1completed_L6_replay_004,v1completed_L6_replay_004,stage4b-seen-L6-0402,608160047,V1补齐版本/generated_v1_assets/L6/v1completed_L6_replay_004,260,120
v1completed_L6_replay_005,3,L6,KITCHEN_SCENE3_turn_on_the_stove_and_put_the_moka_pot_on_it,1,TRAIN,INNER_TRAIN,v1_replay,V1补齐版本,v1completed_L6_replay_005,v1completed_L6_replay_005,stage4b-seen-L6-0403,608160048,V1补齐版本/generated_v1_assets/L6/v1completed_L6_replay_005,260,120
v1completed_L6_replay_006,3,L6,KITCHEN_SCENE3_turn_on_the_stove_and_put_the_moka_pot_on_it,1,TRAIN,INNER_TRAIN,v1_replay,V1补齐版本,v1completed_L6_replay_006,v1completed_L6_replay_006,stage4b-seen-L6-0405,608160050,V1补齐版本/generated_v1_assets/L6/v1completed_L6_replay_006,260,120
v1completed_L6_replay_007,3,L6,KITCHEN_SCENE3_turn_on_the_stove_and_put_the_moka_pot_on_it,1,TRAIN,INNER_TRAIN,v1_replay,V1补齐版本,v1completed_L6_replay_007,v1completed_L6_replay_007,stage4b-seen-L6-0407,608160052,V1补齐版本/generated_v1_assets/L6/v1completed_L6_replay_007,260,120
v1completed_L6_replay_008,3,L6,KITCHEN_SCENE3_turn_on_the_stove_and_put_the_moka_pot_on_it,1,TRAIN,INNER_TRAIN,v1_replay,V1补齐版本,v1completed_L6_replay_008,v1completed_L6_replay_008,stage4b-seen-L6-0408,608160053,V1补齐版本/generated_v1_assets/L6/v1completed_L6_replay_008,260,120
v1completed_L6_replay_009,3,L6,KITCHEN_SCENE3_turn_on_the_stove_and_put_the_moka_pot_on_it,1,TRAIN,INNER_TRAIN,v1_replay,V1补齐版本,v1completed_L6_replay_009,v1completed_L6_replay_009,stage4b-seen-L6-0409,608160054,V1补齐版本/generated_v1_assets/L6/v1completed_L6_replay_009,260,120
v1completed_external_L6_libero10_v2_selected_100,3,L6,KITCHEN_SCENE3_turn_on_the_stove_and_put_the_moka_pot_on_it,1,SEEN_EVAL,,external_v2,fully_instrumented_libero10_v2,libero10_v2_selected_100,libero10_task02_rollout012,,202610262,fully_instrumented_libero10_v1/tasks/task_02/rollout_012,260,120
v1completed_external_L6_libero10_v2_selected_101,3,L6,KITCHEN_SCENE3_turn_on_the_stove_and_put_the_moka_pot_on_it,0,TRAIN,INNER_TRAIN,external_v2,fully_instrumented_libero10_v2,libero10_v2_selected_101,libero10_task02_rollout015,,202610265,fully_instrumented_libero10_v1/tasks/task_02/rollout_015,127,120
v1completed_external_L6_libero10_v2_selected_102,3,L6,KITCHEN_SCENE3_turn_on_the_stove_and_put_the_moka_pot_on_it,0,SEEN_EVAL,,external_v2,fully_instrumented_libero10_v2,libero10_v2_selected_102,libero10_task02_rollout022,,202610272,fully_instrumented_libero10_v1/tasks/task_02/rollout_022,120,120
v1completed_external_L6_libero10_v2_selected_103,3,L6,KITCHEN_SCENE3_turn_on_the_stove_and_put_the_moka_pot_on_it,1,TRAIN,INNER_TRAIN,external_v2,fully_instrumented_libero10_v2,libero10_v2_selected_103,libero10_task02_rollout026,,202610276,fully_instrumented_libero10_v1/tasks/task_02/rollout_026,260,120
v1completed_external_L6_libero10_v2_selected_105,3,L6,KITCHEN_SCENE3_turn_on_the_stove_and_put_the_moka_pot_on_it,0,SEEN_EVAL,,external_v2,fully_instrumented_libero10_v2,libero10_v2_selected_105,libero10_task02_rollout035,,202610285,fully_instrumented_libero10_v1/tasks/task_02/rollout_035,152,120
v1completed_external_L6_libero10_v2_selected_106,3,L6,KITCHEN_SCENE3_turn_on_the_stove_and_put_the_moka_pot_on_it,1,TRAIN,INTERNAL_VALIDATION,external_v2,fully_instrumented_libero10_v2,libero10_v2_selected_106,libero10_task02_rollout041,,202610291,fully_instrumented_libero10_v1/tasks/task_02/rollout_041,260,120
v1completed_external_L6_libero10_v2_selected_107,3,L6,KITCHEN_SCENE3_turn_on_the_stove_and_put_the_moka_pot_on_it,0,TRAIN,INTERNAL_VALIDATION,external_v2,fully_instrumented_libero10_v2,libero10_v2_selected_107,libero10_task02_rollout043,,202610293,fully_instrumented_libero10_v1/tasks/task_02/rollout_043,124,120
v1completed_external_L6_libero10_v2_selected_108,3,L6,KITCHEN_SCENE3_turn_on_the_stove_and_put_the_moka_pot_on_it,0,SEEN_EVAL,,external_v2,fully_instrumented_libero10_v2,libero10_v2_selected_108,libero10_task02_rollout044,,202610294,fully_instrumented_libero10_v1/tasks/task_02/rollout_044,155,120
v1completed_external_L6_libero10_v2_selected_109,3,L6,KITCHEN_SCENE3_turn_on_the_stove_and_put_the_moka_pot_on_it,0,TRAIN,INNER_TRAIN,external_v2,fully_instrumented_libero10_v2,libero10_v2_selected_109,libero10_task02_rollout045,,202610295,fully_instrumented_libero10_v1/tasks/task_02/rollout_045,146,120
v1completed_external_L6_libero10_v2_selected_110,3,L6,KITCHEN_SCENE3_turn_on_the_stove_and_put_the_moka_pot_on_it,0,TRAIN,INNER_TRAIN,external_v2,fully_instrumented_libero10_v2,libero10_v2_selected_110,libero10_task02_rollout046,,202610296,fully_instrumented_libero10_v1/tasks/task_02/rollout_046,126,120
v1completed_external_L6_libero10_v2_selected_111,3,L6,KITCHEN_SCENE3_turn_on_the_stove_and_put_the_moka_pot_on_it,1,TRAIN,INNER_TRAIN,external_v2,fully_instrumented_libero10_v2,libero10_v2_selected_111,libero10_v2_task02_expansion0001,,202610276,fully_instrumented_libero10_v2/expansion/task_2/rollout_0001,260,120
v1completed_external_L6_libero10_v2_selected_112,3,L6,KITCHEN_SCENE3_turn_on_the_stove_and_put_the_moka_pot_on_it,1,SEEN_EVAL,,external_v2,fully_instrumented_libero10_v2,libero10_v2_selected_112,libero10_v2_task02_expansion0002,,202610291,fully_instrumented_libero10_v2/expansion/task_2/rollout_0002,260,120
v1completed_external_L6_libero10_v2_selected_113,3,L6,KITCHEN_SCENE3_turn_on_the_stove_and_put_the_moka_pot_on_it,0,TRAIN,INNER_TRAIN,external_v2,fully_instrumented_libero10_v2,libero10_v2_selected_113,libero10_v2_task02_expansion0008,,202908310,fully_instrumented_libero10_v2/expansion/task_2/rollout_0008,125,120
v1completed_external_L6_libero10_v2_selected_114,3,L6,KITCHEN_SCENE3_turn_on_the_stove_and_put_the_moka_pot_on_it,0,SEEN_EVAL,,external_v2,fully_instrumented_libero10_v2,libero10_v2_selected_114,libero10_v2_task02_expansion0009,,202908311,fully_instrumented_libero10_v2/expansion/task_2/rollout_0009,130,120
v1completed_external_L6_libero10_v2_selected_115,3,L6,KITCHEN_SCENE3_turn_on_the_stove_and_put_the_moka_pot_on_it,0,SEEN_EVAL,,external_v2,fully_instrumented_libero10_v2,libero10_v2_selected_115,libero10_v2_task02_expansion0017,,202908319,fully_instrumented_libero10_v2/expansion/task_2/rollout_0017,135,120
v1completed_external_L6_libero10_v2_selected_116,3,L6,KITCHEN_SCENE3_turn_on_the_stove_and_put_the_moka_pot_on_it,0,SEEN_EVAL,,external_v2,fully_instrumented_libero10_v2,libero10_v2_selected_116,libero10_v2_task02_expansion0021,,202908323,fully_instrumented_libero10_v2/expansion/task_2/rollout_0021,135,120
v1completed_external_L6_libero10_v2_selected_117,3,L6,KITCHEN_SCENE3_turn_on_the_stove_and_put_the_moka_pot_on_it,1,TRAIN,INTERNAL_VALIDATION,external_v2,fully_instrumented_libero10_v2,libero10_v2_selected_117,libero10_v2_task02_expansion0026,,202908328,fully_instrumented_libero10_v2/expansion/task_2/rollout_0026,260,120
v1completed_external_L6_libero10_v2_selected_118,3,L6,KITCHEN_SCENE3_turn_on_the_stove_and_put_the_moka_pot_on_it,0,SEEN_EVAL,,external_v2,fully_instrumented_libero10_v2,libero10_v2_selected_118,libero10_v2_task02_expansion0034,,202908336,fully_instrumented_libero10_v2/expansion/task_2/rollout_0034,153,120
v1completed_external_L6_libero10_v2_selected_119,3,L6,KITCHEN_SCENE3_turn_on_the_stove_and_put_the_moka_pot_on_it,1,SEEN_EVAL,,external_v2,fully_instrumented_libero10_v2,libero10_v2_selected_119,libero10_v2_task02_expansion0041,,202908343,fully_instrumented_libero10_v2/expansion/task_2/rollout_0041,260,120
v1completed_external_L6_libero10_v2_selected_120,3,L6,KITCHEN_SCENE3_turn_on_the_stove_and_put_the_moka_pot_on_it,0,TRAIN,INNER_TRAIN,external_v2,fully_instrumented_libero10_v2,libero10_v2_selected_120,libero10_v2_task02_expansion0047,,202908349,fully_instrumented_libero10_v2/expansion/task_2/rollout_0047,147,120
v1completed_external_L6_libero10_v2_selected_121,3,L6,KITCHEN_SCENE3_turn_on_the_stove_and_put_the_moka_pot_on_it,1,SEEN_EVAL,,external_v2,fully_instrumented_libero10_v2,libero10_v2_selected_121,libero10_v2_task02_expansion0052,,202908354,fully_instrumented_libero10_v2/expansion/task_2/rollout_0052,260,120
v1completed_external_L6_libero10_v2_selected_122,3,L6,KITCHEN_SCENE3_turn_on_the_stove_and_put_the_moka_pot_on_it,0,TRAIN,INNER_TRAIN,external_v2,fully_instrumented_libero10_v2,libero10_v2_selected_122,libero10_v2_task02_expansion0056,,202908358,fully_instrumented_libero10_v2/expansion/task_2/rollout_0056,139,120
v1completed_external_L6_libero10_v2_selected_124,3,L6,KITCHEN_SCENE3_turn_on_the_stove_and_put_the_moka_pot_on_it,1,SEEN_EVAL,,external_v2,fully_instrumented_libero10_v2,libero10_v2_selected_124,libero10_v2_task02_expansion0063,,202908365,fully_instrumented_libero10_v2/expansion/task_2/rollout_0063,260,120
v1completed_external_L6_libero10_v2_selected_125,3,L6,KITCHEN_SCENE3_turn_on_the_stove_and_put_the_moka_pot_on_it,0,TRAIN,INNER_TRAIN,external_v2,fully_instrumented_libero10_v2,libero10_v2_selected_125,libero10_v2_task02_expansion0071,,202908373,fully_instrumented_libero10_v2/expansion/task_2/rollout_0071,128,120
v1completed_external_L6_libero10_v2_selected_127,3,L6,KITCHEN_SCENE3_turn_on_the_stove_and_put_the_moka_pot_on_it,0,TRAIN,INNER_TRAIN,external_v2,fully_instrumented_libero10_v2,libero10_v2_selected_127,libero10_v2_task02_expansion0077,,202908379,fully_instrumented_libero10_v2/expansion/task_2/rollout_0077,144,120
v1completed_external_L6_libero10_v2_selected_129,3,L6,KITCHEN_SCENE3_turn_on_the_stove_and_put_the_moka_pot_on_it,0,TRAIN,INTERNAL_VALIDATION,external_v2,fully_instrumented_libero10_v2,libero10_v2_selected_129,libero10_v2_task02_expansion0083,,202908385,fully_instrumented_libero10_v2/expansion/task_2/rollout_0083,133,120
v1completed_external_L6_libero10_v2_selected_130,3,L6,KITCHEN_SCENE3_turn_on_the_stove_and_put_the_moka_pot_on_it,0,TRAIN,INTERNAL_VALIDATION,external_v2,fully_instrumented_libero10_v2,libero10_v2_selected_130,libero10_v2_task02_expansion0084,,202908386,fully_instrumented_libero10_v2/expansion/task_2/rollout_0084,157,120
v1completed_external_L6_libero10_v2_selected_132,3,L6,KITCHEN_SCENE3_turn_on_the_stove_and_put_the_moka_pot_on_it,0,SEEN_EVAL,,external_v2,fully_instrumented_libero10_v2,libero10_v2_selected_132,libero10_v2_task02_expansion0093,,202908395,fully_instrumented_libero10_v2/expansion/task_2/rollout_0093,172,120
v1completed_external_L6_libero10_v2_selected_133,3,L6,KITCHEN_SCENE3_turn_on_the_stove_and_put_the_moka_pot_on_it,0,SEEN_EVAL,,external_v2,fully_instrumented_libero10_v2,libero10_v2_selected_133,libero10_v2_task02_expansion0094,,202908396,fully_instrumented_libero10_v2/expansion/task_2/rollout_0094,159,120
v1completed_external_L6_libero10_v2_selected_134,3,L6,KITCHEN_SCENE3_turn_on_the_stove_and_put_the_moka_pot_on_it,0,TRAIN,INNER_TRAIN,external_v2,fully_instrumented_libero10_v2,libero10_v2_selected_134,libero10_v2_task02_expansion0099,,202908401,fully_instrumented_libero10_v2/expansion/task_2/rollout_0099,134,120
v1completed_external_L6_libero10_v2_selected_135,3,L6,KITCHEN_SCENE3_turn_on_the_stove_and_put_the_moka_pot_on_it,1,TRAIN,INNER_TRAIN,external_v2,fully_instrumented_libero10_v2,libero10_v2_selected_135,libero10_v2_task02_expansion0102,,202908404,fully_instrumented_libero10_v2/expansion/task_2/rollout_0102,260,120
v1completed_external_L6_libero10_v2_selected_137,3,L6,KITCHEN_SCENE3_turn_on_the_stove_and_put_the_moka_pot_on_it,0,TRAIN,INNER_TRAIN,external_v2,fully_instrumented_libero10_v2,libero10_v2_selected_137,libero10_v2_task02_expansion0106,,202908408,fully_instrumented_libero10_v2/expansion/task_2/rollout_0106,143,120
v1completed_external_L6_libero10_v2_selected_138,3,L6,KITCHEN_SCENE3_turn_on_the_stove_and_put_the_moka_pot_on_it,0,TRAIN,INNER_TRAIN,external_v2,fully_instrumented_libero10_v2,libero10_v2_selected_138,libero10_v2_task02_expansion0107,,202908409,fully_instrumented_libero10_v2/expansion/task_2/rollout_0107,133,120
v1completed_external_L6_libero10_v2_selected_139,3,L6,KITCHEN_SCENE3_turn_on_the_stove_and_put_the_moka_pot_on_it,1,TRAIN,INNER_TRAIN,external_v2,fully_instrumented_libero10_v2,libero10_v2_selected_139,libero10_v2_task02_expansion0113,,202908415,fully_instrumented_libero10_v2/expansion/task_2/rollout_0113,260,120
v1completed_external_L6_libero10_v2_selected_143,3,L6,KITCHEN_SCENE3_turn_on_the_stove_and_put_the_moka_pot_on_it,0,TRAIN,INNER_TRAIN,external_v2,fully_instrumented_libero10_v2,libero10_v2_selected_143,libero10_v2_task02_expansion0134,,202908436,fully_instrumented_libero10_v2/expansion/task_2/rollout_0134,182,120
v1completed_external_L6_libero10_v2_selected_144,3,L6,KITCHEN_SCENE3_turn_on_the_stove_and_put_the_moka_pot_on_it,1,SEEN_EVAL,,external_v2,fully_instrumented_libero10_v2,libero10_v2_selected_144,libero10_v2_task02_expansion0138,,202908440,fully_instrumented_libero10_v2/expansion/task_2/rollout_0138,260,120
v1completed_external_L6_libero10_v2_selected_145,3,L6,KITCHEN_SCENE3_turn_on_the_stove_and_put_the_moka_pot_on_it,0,TRAIN,INNER_TRAIN,external_v2,fully_instrumented_libero10_v2,libero10_v2_selected_145,libero10_v2_task02_expansion0140,,202908442,fully_instrumented_libero10_v2/expansion/task_2/rollout_0140,148,120
v1completed_external_L6_libero10_v2_selected_146,3,L6,KITCHEN_SCENE3_turn_on_the_stove_and_put_the_moka_pot_on_it,1,SEEN_EVAL,,external_v2,fully_instrumented_libero10_v2,libero10_v2_selected_146,libero10_v2_task02_expansion0141,,202908443,fully_instrumented_libero10_v2/expansion/task_2/rollout_0141,260,120
v1completed_external_L6_libero10_v2_selected_147,3,L6,KITCHEN_SCENE3_turn_on_the_stove_and_put_the_moka_pot_on_it,1,TRAIN,INNER_TRAIN,external_v2,fully_instrumented_libero10_v2,libero10_v2_selected_147,libero10_v2_task02_expansion0143,,202908445,fully_instrumented_libero10_v2/expansion/task_2/rollout_0143,260,120
v1completed_external_L6_libero10_v2_selected_148,3,L6,KITCHEN_SCENE3_turn_on_the_stove_and_put_the_moka_pot_on_it,0,SEEN_EVAL,,external_v2,fully_instrumented_libero10_v2,libero10_v2_selected_148,libero10_v2_task02_expansion0145,,202908447,fully_instrumented_libero10_v2/expansion/task_2/rollout_0145,178,120
v1completed_external_L6_libero10_v2_selected_149,3,L6,KITCHEN_SCENE3_turn_on_the_stove_and_put_the_moka_pot_on_it,1,TRAIN,INNER_TRAIN,external_v2,fully_instrumented_libero10_v2,libero10_v2_selected_149,libero10_v2_task02_expansion0146,,202908448,fully_instrumented_libero10_v2/expansion/task_2/rollout_0146,260,120
v1completed_S5_replay_003,4,S5,KITCHEN_SCENE4_put_the_black_bowl_in_the_bottom_drawer_of_the_cabinet_and_close_it,1,SEEN_EVAL,,v1_replay,V1补齐版本,v1completed_S5_replay_003,v1completed_S5_replay_003,stage4b-seen-S5-0432,608160077,V1补齐版本/generated_v1_assets/S5/v1completed_S5_replay_003,260,105
v1completed_S5_replay_004,4,S5,KITCHEN_SCENE4_put_the_black_bowl_in_the_bottom_drawer_of_the_cabinet_and_close_it,1,SEEN_EVAL,,v1_replay,V1补齐版本,v1completed_S5_replay_004,v1completed_S5_replay_004,stage4b-seen-S5-0436,608160081,V1补齐版本/generated_v1_assets/S5/v1completed_S5_replay_004,260,105
v1completed_S5_replay_005,4,S5,KITCHEN_SCENE4_put_the_black_bowl_in_the_bottom_drawer_of_the_cabinet_and_close_it,1,TRAIN,INNER_TRAIN,v1_replay,V1补齐版本,v1completed_S5_replay_005,v1completed_S5_replay_005,stage4b-seen-S5-0443,608160088,V1补齐版本/generated_v1_assets/S5/v1completed_S5_replay_005,260,105
v1completed_S5_replay_007,4,S5,KITCHEN_SCENE4_put_the_black_bowl_in_the_bottom_drawer_of_the_cabinet_and_close_it,1,SEEN_EVAL,,v1_replay,V1补齐版本,v1completed_S5_replay_007,v1completed_S5_replay_007,stage4b-seen-S5-0447,608160092,V1补齐版本/generated_v1_assets/S5/v1completed_S5_replay_007,260,105
v1completed_S5_replay_008,4,S5,KITCHEN_SCENE4_put_the_black_bowl_in_the_bottom_drawer_of_the_cabinet_and_close_it,1,SEEN_EVAL,,v1_replay,V1补齐版本,v1completed_S5_replay_008,v1completed_S5_replay_008,stage4b-seen-S5-0448,608160093,V1补齐版本/generated_v1_assets/S5/v1completed_S5_replay_008,260,105
v1completed_S5_replay_009,4,S5,KITCHEN_SCENE4_put_the_black_bowl_in_the_bottom_drawer_of_the_cabinet_and_close_it,1,TRAIN,INNER_TRAIN,v1_replay,V1补齐版本,v1completed_S5_replay_009,v1completed_S5_replay_009,stage4b-seen-S5-0449,608160094,V1补齐版本/generated_v1_assets/S5/v1completed_S5_replay_009,260,105
v1completed_S5_replay_010,4,S5,KITCHEN_SCENE4_put_the_black_bowl_in_the_bottom_drawer_of_the_cabinet_and_close_it,1,TRAIN,INNER_TRAIN,v1_replay,V1补齐版本,v1completed_S5_replay_010,v1completed_S5_replay_010,stage4b-seen-S5-0450,608160095,V1补齐版本/generated_v1_assets/S5/v1completed_S5_replay_010,260,105
v1completed_S5_replay_011,4,S5,KITCHEN_SCENE4_put_the_black_bowl_in_the_bottom_drawer_of_the_cabinet_and_close_it,1,TRAIN,INNER_TRAIN,v1_replay,V1补齐版本,v1completed_S5_replay_011,v1completed_S5_replay_011,stage4b-seen-S5-0453,608160098,V1补齐版本/generated_v1_assets/S5/v1completed_S5_replay_011,260,105
v1completed_external_S5_libero10_v2_selected_150,4,S5,KITCHEN_SCENE4_put_the_black_bowl_in_the_bottom_drawer_of_the_cabinet_and_close_it,0,SEEN_EVAL,,external_v2,fully_instrumented_libero10_v2,libero10_v2_selected_150,libero10_task03_rollout015,,202611265,fully_instrumented_libero10_v1/tasks/task_03/rollout_015,127,105
v1completed_external_S5_libero10_v2_selected_151,4,S5,KITCHEN_SCENE4_put_the_black_bowl_in_the_bottom_drawer_of_the_cabinet_and_close_it,1,TRAIN,INNER_TRAIN,external_v2,fully_instrumented_libero10_v2,libero10_v2_selected_151,libero10_task03_rollout016,,202611266,fully_instrumented_libero10_v1/tasks/task_03/rollout_016,260,105
v1completed_external_S5_libero10_v2_selected_152,4,S5,KITCHEN_SCENE4_put_the_black_bowl_in_the_bottom_drawer_of_the_cabinet_and_close_it,0,TRAIN,INNER_TRAIN,external_v2,fully_instrumented_libero10_v2,libero10_v2_selected_152,libero10_task03_rollout017,,202611267,fully_instrumented_libero10_v1/tasks/task_03/rollout_017,128,105
v1completed_external_S5_libero10_v2_selected_153,4,S5,KITCHEN_SCENE4_put_the_black_bowl_in_the_bottom_drawer_of_the_cabinet_and_close_it,0,TRAIN,INNER_TRAIN,external_v2,fully_instrumented_libero10_v2,libero10_v2_selected_153,libero10_task03_rollout020,,202611270,fully_instrumented_libero10_v1/tasks/task_03/rollout_020,108,105
v1completed_external_S5_libero10_v2_selected_155,4,S5,KITCHEN_SCENE4_put_the_black_bowl_in_the_bottom_drawer_of_the_cabinet_and_close_it,0,TRAIN,INTERNAL_VALIDATION,external_v2,fully_instrumented_libero10_v2,libero10_v2_selected_155,libero10_task03_rollout026,,202611276,fully_instrumented_libero10_v1/tasks/task_03/rollout_026,129,105
v1completed_external_S5_libero10_v2_selected_157,4,S5,KITCHEN_SCENE4_put_the_black_bowl_in_the_bottom_drawer_of_the_cabinet_and_close_it,0,SEEN_EVAL,,external_v2,fully_instrumented_libero10_v2,libero10_v2_selected_157,libero10_task03_rollout032,,202611282,fully_instrumented_libero10_v1/tasks/task_03/rollout_032,178,105
v1completed_external_S5_libero10_v2_selected_158,4,S5,KITCHEN_SCENE4_put_the_black_bowl_in_the_bottom_drawer_of_the_cabinet_and_close_it,0,SEEN_EVAL,,external_v2,fully_instrumented_libero10_v2,libero10_v2_selected_158,libero10_task03_rollout034,,202611284,fully_instrumented_libero10_v1/tasks/task_03/rollout_034,131,105
v1completed_external_S5_libero10_v2_selected_159,4,S5,KITCHEN_SCENE4_put_the_black_bowl_in_the_bottom_drawer_of_the_cabinet_and_close_it,0,TRAIN,INNER_TRAIN,external_v2,fully_instrumented_libero10_v2,libero10_v2_selected_159,libero10_task03_rollout036,,202611286,fully_instrumented_libero10_v1/tasks/task_03/rollout_036,123,105
v1completed_external_S5_libero10_v2_selected_160,4,S5,KITCHEN_SCENE4_put_the_black_bowl_in_the_bottom_drawer_of_the_cabinet_and_close_it,0,SEEN_EVAL,,external_v2,fully_instrumented_libero10_v2,libero10_v2_selected_160,libero10_v2_task03_expansion0008,,203008313,fully_instrumented_libero10_v2/expansion/task_3/rollout_0008,111,105
v1completed_external_S5_libero10_v2_selected_161,4,S5,KITCHEN_SCENE4_put_the_black_bowl_in_the_bottom_drawer_of_the_cabinet_and_close_it,0,SEEN_EVAL,,external_v2,fully_instrumented_libero10_v2,libero10_v2_selected_161,libero10_v2_task03_expansion0009,,203008314,fully_instrumented_libero10_v2/expansion/task_3/rollout_0009,118,105
v1completed_external_S5_libero10_v2_selected_163,4,S5,KITCHEN_SCENE4_put_the_black_bowl_in_the_bottom_drawer_of_the_cabinet_and_close_it,0,TRAIN,INTERNAL_VALIDATION,external_v2,fully_instrumented_libero10_v2,libero10_v2_selected_163,libero10_v2_task03_expansion0022,,203008327,fully_instrumented_libero10_v2/expansion/task_3/rollout_0022,120,105
v1completed_external_S5_libero10_v2_selected_165,4,S5,KITCHEN_SCENE4_put_the_black_bowl_in_the_bottom_drawer_of_the_cabinet_and_close_it,1,TRAIN,INTERNAL_VALIDATION,external_v2,fully_instrumented_libero10_v2,libero10_v2_selected_165,libero10_v2_task03_expansion0031,,203008336,fully_instrumented_libero10_v2/expansion/task_3/rollout_0031,260,105
v1completed_external_S5_libero10_v2_selected_166,4,S5,KITCHEN_SCENE4_put_the_black_bowl_in_the_bottom_drawer_of_the_cabinet_and_close_it,1,SEEN_EVAL,,external_v2,fully_instrumented_libero10_v2,libero10_v2_selected_166,libero10_v2_task03_expansion0033,,203008338,fully_instrumented_libero10_v2/expansion/task_3/rollout_0033,260,105
v1completed_external_S5_libero10_v2_selected_167,4,S5,KITCHEN_SCENE4_put_the_black_bowl_in_the_bottom_drawer_of_the_cabinet_and_close_it,1,TRAIN,INTERNAL_VALIDATION,external_v2,fully_instrumented_libero10_v2,libero10_v2_selected_167,libero10_v2_task03_expansion0043,,203008348,fully_instrumented_libero10_v2/expansion/task_3/rollout_0043,260,105
v1completed_external_S5_libero10_v2_selected_169,4,S5,KITCHEN_SCENE4_put_the_black_bowl_in_the_bottom_drawer_of_the_cabinet_and_close_it,1,TRAIN,INNER_TRAIN,external_v2,fully_instrumented_libero10_v2,libero10_v2_selected_169,libero10_v2_task03_expansion0054,,203008359,fully_instrumented_libero10_v2/expansion/task_3/rollout_0054,260,105
v1completed_external_S5_libero10_v2_selected_170,4,S5,KITCHEN_SCENE4_put_the_black_bowl_in_the_bottom_drawer_of_the_cabinet_and_close_it,0,TRAIN,INNER_TRAIN,external_v2,fully_instrumented_libero10_v2,libero10_v2_selected_170,libero10_v2_task03_expansion0068,,203008373,fully_instrumented_libero10_v2/expansion/task_3/rollout_0068,150,105
v1completed_external_S5_libero10_v2_selected_171,4,S5,KITCHEN_SCENE4_put_the_black_bowl_in_the_bottom_drawer_of_the_cabinet_and_close_it,0,TRAIN,INNER_TRAIN,external_v2,fully_instrumented_libero10_v2,libero10_v2_selected_171,libero10_v2_task03_expansion0079,,203008384,fully_instrumented_libero10_v2/expansion/task_3/rollout_0079,115,105
v1completed_external_S5_libero10_v2_selected_172,4,S5,KITCHEN_SCENE4_put_the_black_bowl_in_the_bottom_drawer_of_the_cabinet_and_close_it,0,TRAIN,INNER_TRAIN,external_v2,fully_instrumented_libero10_v2,libero10_v2_selected_172,libero10_v2_task03_expansion0080,,203008385,fully_instrumented_libero10_v2/expansion/task_3/rollout_0080,134,105
v1completed_external_S5_libero10_v2_selected_174,4,S5,KITCHEN_SCENE4_put_the_black_bowl_in_the_bottom_drawer_of_the_cabinet_and_close_it,0,TRAIN,INNER_TRAIN,external_v2,fully_instrumented_libero10_v2,libero10_v2_selected_174,libero10_v2_task03_expansion0089,,203008394,fully_instrumented_libero10_v2/expansion/task_3/rollout_0089,123,105
v1completed_external_S5_libero10_v2_selected_175,4,S5,KITCHEN_SCENE4_put_the_black_bowl_in_the_bottom_drawer_of_the_cabinet_and_close_it,0,TRAIN,INNER_TRAIN,external_v2,fully_instrumented_libero10_v2,libero10_v2_selected_175,libero10_v2_task03_expansion0090,,203008395,fully_instrumented_libero10_v2/expansion/task_3/rollout_0090,142,105
v1completed_external_S5_libero10_v2_selected_176,4,S5,KITCHEN_SCENE4_put_the_black_bowl_in_the_bottom_drawer_of_the_cabinet_and_close_it,0,SEEN_EVAL,,external_v2,fully_instrumented_libero10_v2,libero10_v2_selected_176,libero10_v2_task03_expansion0091,,203008396,fully_instrumented_libero10_v2/expansion/task_3/rollout_0091,133,105
v1completed_external_S5_libero10_v2_selected_177,4,S5,KITCHEN_SCENE4_put_the_black_bowl_in_the_bottom_drawer_of_the_cabinet_and_close_it,0,SEEN_EVAL,,external_v2,fully_instrumented_libero10_v2,libero10_v2_selected_177,libero10_v2_task03_expansion0100,,203008405,fully_instrumented_libero10_v2/expansion/task_3/rollout_0100,105,105
v1completed_external_S5_libero10_v2_selected_178,4,S5,KITCHEN_SCENE4_put_the_black_bowl_in_the_bottom_drawer_of_the_cabinet_and_close_it,1,TRAIN,INNER_TRAIN,external_v2,fully_instrumented_libero10_v2,libero10_v2_selected_178,libero10_v2_task03_expansion0103,,203008408,fully_instrumented_libero10_v2/expansion/task_3/rollout_0103,260,105
v1completed_external_S5_libero10_v2_selected_179,4,S5,KITCHEN_SCENE4_put_the_black_bowl_in_the_bottom_drawer_of_the_cabinet_and_close_it,0,TRAIN,INNER_TRAIN,external_v2,fully_instrumented_libero10_v2,libero10_v2_selected_179,libero10_v2_task03_expansion0106,,203008411,fully_instrumented_libero10_v2/expansion/task_3/rollout_0106,152,105
v1completed_external_S5_libero10_v2_selected_180,4,S5,KITCHEN_SCENE4_put_the_black_bowl_in_the_bottom_drawer_of_the_cabinet_and_close_it,0,TRAIN,INNER_TRAIN,external_v2,fully_instrumented_libero10_v2,libero10_v2_selected_180,libero10_v2_task03_expansion0109,,203008414,fully_instrumented_libero10_v2/expansion/task_3/rollout_0109,181,105
v1completed_external_S5_libero10_v2_selected_181,4,S5,KITCHEN_SCENE4_put_the_black_bowl_in_the_bottom_drawer_of_the_cabinet_and_close_it,0,TRAIN,INNER_TRAIN,external_v2,fully_instrumented_libero10_v2,libero10_v2_selected_181,libero10_v2_task03_expansion0111,,203008416,fully_instrumented_libero10_v2/expansion/task_3/rollout_0111,121,105
v1completed_external_S5_libero10_v2_selected_182,4,S5,KITCHEN_SCENE4_put_the_black_bowl_in_the_bottom_drawer_of_the_cabinet_and_close_it,1,SEEN_EVAL,,external_v2,fully_instrumented_libero10_v2,libero10_v2_selected_182,libero10_v2_task03_expansion0116,,203008421,fully_instrumented_libero10_v2/expansion/task_3/rollout_0116,260,105
v1completed_external_S5_libero10_v2_selected_183,4,S5,KITCHEN_SCENE4_put_the_black_bowl_in_the_bottom_drawer_of_the_cabinet_and_close_it,1,SEEN_EVAL,,external_v2,fully_instrumented_libero10_v2,libero10_v2_selected_183,libero10_v2_task03_expansion0122,,203008427,fully_instrumented_libero10_v2/expansion/task_3/rollout_0122,260,105
v1completed_external_S5_libero10_v2_selected_184,4,S5,KITCHEN_SCENE4_put_the_black_bowl_in_the_bottom_drawer_of_the_cabinet_and_close_it,0,SEEN_EVAL,,external_v2,fully_instrumented_libero10_v2,libero10_v2_selected_184,libero10_v2_task03_expansion0127,,203008432,fully_instrumented_libero10_v2/expansion/task_3/rollout_0127,122,105
v1completed_external_S5_libero10_v2_selected_185,4,S5,KITCHEN_SCENE4_put_the_black_bowl_in_the_bottom_drawer_of_the_cabinet_and_close_it,1,SEEN_EVAL,,external_v2,fully_instrumented_libero10_v2,libero10_v2_selected_185,libero10_v2_task03_expansion0129,,203008434,fully_instrumented_libero10_v2/expansion/task_3/rollout_0129,260,105
v1completed_external_S5_libero10_v2_selected_186,4,S5,KITCHEN_SCENE4_put_the_black_bowl_in_the_bottom_drawer_of_the_cabinet_and_close_it,0,SEEN_EVAL,,external_v2,fully_instrumented_libero10_v2,libero10_v2_selected_186,libero10_v2_task03_expansion0130,,203008435,fully_instrumented_libero10_v2/expansion/task_3/rollout_0130,123,105
v1completed_external_S5_libero10_v2_selected_187,4,S5,KITCHEN_SCENE4_put_the_black_bowl_in_the_bottom_drawer_of_the_cabinet_and_close_it,1,TRAIN,INNER_TRAIN,external_v2,fully_instrumented_libero10_v2,libero10_v2_selected_187,libero10_v2_task03_expansion0138,,203008443,fully_instrumented_libero10_v2/expansion/task_3/rollout_0138,260,105
v1completed_external_S5_libero10_v2_selected_188,4,S5,KITCHEN_SCENE4_put_the_black_bowl_in_the_bottom_drawer_of_the_cabinet_and_close_it,0,TRAIN,INNER_TRAIN,external_v2,fully_instrumented_libero10_v2,libero10_v2_selected_188,libero10_v2_task03_expansion0150,,203008455,fully_instrumented_libero10_v2/expansion/task_3/rollout_0150,117,105
v1completed_external_S5_libero10_v2_selected_189,4,S5,KITCHEN_SCENE4_put_the_black_bowl_in_the_bottom_drawer_of_the_cabinet_and_close_it,0,SEEN_EVAL,,external_v2,fully_instrumented_libero10_v2,libero10_v2_selected_189,libero10_v2_task03_expansion0165,,203008470,fully_instrumented_libero10_v2/expansion/task_3/rollout_0165,111,105
v1completed_external_S5_libero10_v2_selected_190,4,S5,KITCHEN_SCENE4_put_the_black_bowl_in_the_bottom_drawer_of_the_cabinet_and_close_it,1,TRAIN,INNER_TRAIN,external_v2,fully_instrumented_libero10_v2,libero10_v2_selected_190,libero10_v2_task03_expansion0171,,203008476,fully_instrumented_libero10_v2/expansion/task_3/rollout_0171,260,105
v1completed_external_S5_libero10_v2_selected_191,4,S5,KITCHEN_SCENE4_put_the_black_bowl_in_the_bottom_drawer_of_the_cabinet_and_close_it,0,SEEN_EVAL,,external_v2,fully_instrumented_libero10_v2,libero10_v2_selected_191,libero10_v2_task03_expansion0184,,203008489,fully_instrumented_libero10_v2/expansion/task_3/rollout_0184,119,105
v1completed_external_S5_libero10_v2_selected_192,4,S5,KITCHEN_SCENE4_put_the_black_bowl_in_the_bottom_drawer_of_the_cabinet_and_close_it,1,TRAIN,INNER_TRAIN,external_v2,fully_instrumented_libero10_v2,libero10_v2_selected_192,libero10_v2_task03_expansion0187,,203008492,fully_instrumented_libero10_v2/expansion/task_3/rollout_0187,260,105
v1completed_external_S5_libero10_v2_selected_193,4,S5,KITCHEN_SCENE4_put_the_black_bowl_in_the_bottom_drawer_of_the_cabinet_and_close_it,1,TRAIN,INNER_TRAIN,external_v2,fully_instrumented_libero10_v2,libero10_v2_selected_193,libero10_v2_task03_expansion0189,,203008494,fully_instrumented_libero10_v2/expansion/task_3/rollout_0189,260,105
v1completed_external_S5_libero10_v2_selected_194,4,S5,KITCHEN_SCENE4_put_the_black_bowl_in_the_bottom_drawer_of_the_cabinet_and_close_it,0,TRAIN,INTERNAL_VALIDATION,external_v2,fully_instrumented_libero10_v2,libero10_v2_selected_194,libero10_v2_task03_expansion0205,,203008510,fully_instrumented_libero10_v2/expansion/task_3/rollout_0205,113,105
v1completed_external_S5_libero10_v2_selected_196,4,S5,KITCHEN_SCENE4_put_the_black_bowl_in_the_bottom_drawer_of_the_cabinet_and_close_it,0,TRAIN,INNER_TRAIN,external_v2,fully_instrumented_libero10_v2,libero10_v2_selected_196,libero10_v2_task03_expansion0212,,203008517,fully_instrumented_libero10_v2/expansion/task_3/rollout_0212,121,105
v1completed_external_S5_libero10_v2_selected_197,4,S5,KITCHEN_SCENE4_put_the_black_bowl_in_the_bottom_drawer_of_the_cabinet_and_close_it,1,SEEN_EVAL,,external_v2,fully_instrumented_libero10_v2,libero10_v2_selected_197,libero10_v2_task03_expansion0214,,203008519,fully_instrumented_libero10_v2/expansion/task_3/rollout_0214,260,105
v1completed_external_S5_libero10_v2_selected_199,4,S5,KITCHEN_SCENE4_put_the_black_bowl_in_the_bottom_drawer_of_the_cabinet_and_close_it,1,TRAIN,INTERNAL_VALIDATION,external_v2,fully_instrumented_libero10_v2,libero10_v2_selected_199,libero10_v2_task03_expansion0224,,203008529,fully_instrumented_libero10_v2/expansion/task_3/rollout_0224,260,105
v1completed_S6_replay_002,5,S6,LIVING_ROOM_SCENE2_put_both_the_alphabet_soup_and_the_tomato_sauce_in_the_basket,1,SEEN_EVAL,,v1_replay,V1补齐版本,v1completed_S6_replay_002,v1completed_S6_replay_002,stage4b-seen-S6-0300,608160109,V1补齐版本/generated_v1_assets/S6/v1completed_S6_replay_002,260,128
v1completed_S6_replay_003,5,S6,LIVING_ROOM_SCENE2_put_both_the_alphabet_soup_and_the_tomato_sauce_in_the_basket,1,TRAIN,INNER_TRAIN,v1_replay,V1补齐版本,v1completed_S6_replay_003,v1completed_S6_replay_003,stage4b-seen-S6-0303,608160112,V1补齐版本/generated_v1_assets/S6/v1completed_S6_replay_003,260,128
v1completed_S6_replay_004,5,S6,LIVING_ROOM_SCENE2_put_both_the_alphabet_soup_and_the_tomato_sauce_in_the_basket,1,TRAIN,INNER_TRAIN,v1_replay,V1补齐版本,v1completed_S6_replay_004,v1completed_S6_replay_004,stage4b-seen-S6-0304,608160113,V1补齐版本/generated_v1_assets/S6/v1completed_S6_replay_004,260,128
v1completed_S6_replay_007,5,S6,LIVING_ROOM_SCENE2_put_both_the_alphabet_soup_and_the_tomato_sauce_in_the_basket,1,SEEN_EVAL,,v1_replay,V1补齐版本,v1completed_S6_replay_007,v1completed_S6_replay_007,stage4b-seen-S6-0310,608160119,V1补齐版本/generated_v1_assets/S6/v1completed_S6_replay_007,260,128
v1completed_S6_replay_008,5,S6,LIVING_ROOM_SCENE2_put_both_the_alphabet_soup_and_the_tomato_sauce_in_the_basket,1,TRAIN,INNER_TRAIN,v1_replay,V1补齐版本,v1completed_S6_replay_008,v1completed_S6_replay_008,stage4b-seen-S6-0311,608160120,V1补齐版本/generated_v1_assets/S6/v1completed_S6_replay_008,260,128
v1completed_S6_replay_009,5,S6,LIVING_ROOM_SCENE2_put_both_the_alphabet_soup_and_the_tomato_sauce_in_the_basket,1,TRAIN,INNER_TRAIN,v1_replay,V1补齐版本,v1completed_S6_replay_009,v1completed_S6_replay_009,stage4b-seen-S6-0312,608160121,V1补齐版本/generated_v1_assets/S6/v1completed_S6_replay_009,260,128
v1completed_S6_replay_010,5,S6,LIVING_ROOM_SCENE2_put_both_the_alphabet_soup_and_the_tomato_sauce_in_the_basket,1,SEEN_EVAL,,v1_replay,V1补齐版本,v1completed_S6_replay_010,v1completed_S6_replay_010,stage4b-seen-S6-0313,608160122,V1补齐版本/generated_v1_assets/S6/v1completed_S6_replay_010,260,128
v1completed_S6_replay_013,5,S6,LIVING_ROOM_SCENE2_put_both_the_alphabet_soup_and_the_tomato_sauce_in_the_basket,1,SEEN_EVAL,,v1_replay,V1补齐版本,v1completed_S6_replay_013,v1completed_S6_replay_013,stage4b-seen-S6-0322,608160131,V1补齐版本/generated_v1_assets/S6/v1completed_S6_replay_013,260,128
v1completed_S6_replay_014,5,S6,LIVING_ROOM_SCENE2_put_both_the_alphabet_soup_and_the_tomato_sauce_in_the_basket,1,TRAIN,INNER_TRAIN,v1_replay,V1补齐版本,v1completed_S6_replay_014,v1completed_S6_replay_014,stage4b-seen-S6-0328,608160137,V1补齐版本/generated_v1_assets/S6/v1completed_S6_replay_014,260,128
v1completed_S6_replay_016,5,S6,LIVING_ROOM_SCENE2_put_both_the_alphabet_soup_and_the_tomato_sauce_in_the_basket,1,SEEN_EVAL,,v1_replay,V1补齐版本,v1completed_S6_replay_016,v1completed_S6_replay_016,stage4b-seen-S6-0330,608160139,V1补齐版本/generated_v1_assets/S6/v1completed_S6_replay_016,260,128
v1completed_external_S6_libero10_v2_selected_001,5,S6,LIVING_ROOM_SCENE2_put_both_the_alphabet_soup_and_the_tomato_sauce_in_the_basket,1,SEEN_EVAL,,external_v2,fully_instrumented_libero10_v2,libero10_v2_selected_001,libero10_task00_rollout006,,202608256,fully_instrumented_libero10_v1/tasks/task_00/rollout_006,260,128
v1completed_external_S6_libero10_v2_selected_002,5,S6,LIVING_ROOM_SCENE2_put_both_the_alphabet_soup_and_the_tomato_sauce_in_the_basket,1,TRAIN,INNER_TRAIN,external_v2,fully_instrumented_libero10_v2,libero10_v2_selected_002,libero10_task00_rollout007,,202608257,fully_instrumented_libero10_v1/tasks/task_00/rollout_007,260,128
v1completed_external_S6_libero10_v2_selected_004,5,S6,LIVING_ROOM_SCENE2_put_both_the_alphabet_soup_and_the_tomato_sauce_in_the_basket,0,TRAIN,INNER_TRAIN,external_v2,fully_instrumented_libero10_v2,libero10_v2_selected_004,libero10_task00_rollout013,,202608263,fully_instrumented_libero10_v1/tasks/task_00/rollout_013,141,128
v1completed_external_S6_libero10_v2_selected_006,5,S6,LIVING_ROOM_SCENE2_put_both_the_alphabet_soup_and_the_tomato_sauce_in_the_basket,1,TRAIN,INNER_TRAIN,external_v2,fully_instrumented_libero10_v2,libero10_v2_selected_006,libero10_task00_rollout024,,202608274,fully_instrumented_libero10_v1/tasks/task_00/rollout_024,260,128
v1completed_external_S6_libero10_v2_selected_007,5,S6,LIVING_ROOM_SCENE2_put_both_the_alphabet_soup_and_the_tomato_sauce_in_the_basket,0,SEEN_EVAL,,external_v2,fully_instrumented_libero10_v2,libero10_v2_selected_007,libero10_task00_rollout027,,202608277,fully_instrumented_libero10_v1/tasks/task_00/rollout_027,152,128
v1completed_external_S6_libero10_v2_selected_009,5,S6,LIVING_ROOM_SCENE2_put_both_the_alphabet_soup_and_the_tomato_sauce_in_the_basket,0,TRAIN,INNER_TRAIN,external_v2,fully_instrumented_libero10_v2,libero10_v2_selected_009,libero10_task00_rollout033,,202608283,fully_instrumented_libero10_v1/tasks/task_00/rollout_033,130,128
v1completed_external_S6_libero10_v2_selected_010,5,S6,LIVING_ROOM_SCENE2_put_both_the_alphabet_soup_and_the_tomato_sauce_in_the_basket,1,TRAIN,INNER_TRAIN,external_v2,fully_instrumented_libero10_v2,libero10_v2_selected_010,libero10_task00_rollout035,,202608285,fully_instrumented_libero10_v1/tasks/task_00/rollout_035,260,128
v1completed_external_S6_libero10_v2_selected_012,5,S6,LIVING_ROOM_SCENE2_put_both_the_alphabet_soup_and_the_tomato_sauce_in_the_basket,0,TRAIN,INNER_TRAIN,external_v2,fully_instrumented_libero10_v2,libero10_v2_selected_012,libero10_task00_rollout038,,202608288,fully_instrumented_libero10_v1/tasks/task_00/rollout_038,134,128
v1completed_external_S6_libero10_v2_selected_013,5,S6,LIVING_ROOM_SCENE2_put_both_the_alphabet_soup_and_the_tomato_sauce_in_the_basket,0,SEEN_EVAL,,external_v2,fully_instrumented_libero10_v2,libero10_v2_selected_013,libero10_task00_rollout042,,202608292,fully_instrumented_libero10_v1/tasks/task_00/rollout_042,164,128
v1completed_external_S6_libero10_v2_selected_015,5,S6,LIVING_ROOM_SCENE2_put_both_the_alphabet_soup_and_the_tomato_sauce_in_the_basket,0,SEEN_EVAL,,external_v2,fully_instrumented_libero10_v2,libero10_v2_selected_015,libero10_task00_rollout047,,202608297,fully_instrumented_libero10_v1/tasks/task_00/rollout_047,176,128
v1completed_external_S6_libero10_v2_selected_016,5,S6,LIVING_ROOM_SCENE2_put_both_the_alphabet_soup_and_the_tomato_sauce_in_the_basket,0,TRAIN,INNER_TRAIN,external_v2,fully_instrumented_libero10_v2,libero10_v2_selected_016,libero10_task00_rollout048,,202608298,fully_instrumented_libero10_v1/tasks/task_00/rollout_048,151,128
v1completed_external_S6_libero10_v2_selected_017,5,S6,LIVING_ROOM_SCENE2_put_both_the_alphabet_soup_and_the_tomato_sauce_in_the_basket,1,SEEN_EVAL,,external_v2,fully_instrumented_libero10_v2,libero10_v2_selected_017,libero10_task00_rollout049,,202608299,fully_instrumented_libero10_v1/tasks/task_00/rollout_049,260,128
v1completed_external_S6_libero10_v2_selected_018,5,S6,LIVING_ROOM_SCENE2_put_both_the_alphabet_soup_and_the_tomato_sauce_in_the_basket,1,SEEN_EVAL,,external_v2,fully_instrumented_libero10_v2,libero10_v2_selected_018,libero10_v2_task00_expansion0001,,202608257,fully_instrumented_libero10_v2/expansion/task_0/rollout_0001,260,128
v1completed_external_S6_libero10_v2_selected_019,5,S6,LIVING_ROOM_SCENE2_put_both_the_alphabet_soup_and_the_tomato_sauce_in_the_basket,1,TRAIN,INNER_TRAIN,external_v2,fully_instrumented_libero10_v2,libero10_v2_selected_019,libero10_v2_task00_expansion0004,,202608299,fully_instrumented_libero10_v2/expansion/task_0/rollout_0004,260,128
v1completed_external_S6_libero10_v2_selected_021,5,S6,LIVING_ROOM_SCENE2_put_both_the_alphabet_soup_and_the_tomato_sauce_in_the_basket,0,TRAIN,INNER_TRAIN,external_v2,fully_instrumented_libero10_v2,libero10_v2_selected_021,libero10_v2_task00_expansion0009,,202708314,fully_instrumented_libero10_v2/expansion/task_0/rollout_0009,254,128
v1completed_external_S6_libero10_v2_selected_022,5,S6,LIVING_ROOM_SCENE2_put_both_the_alphabet_soup_and_the_tomato_sauce_in_the_basket,0,SEEN_EVAL,,external_v2,fully_instrumented_libero10_v2,libero10_v2_selected_022,libero10_v2_task00_expansion0011,,202708316,fully_instrumented_libero10_v2/expansion/task_0/rollout_0011,161,128
v1completed_external_S6_libero10_v2_selected_023,5,S6,LIVING_ROOM_SCENE2_put_both_the_alphabet_soup_and_the_tomato_sauce_in_the_basket,1,TRAIN,INTERNAL_VALIDATION,external_v2,fully_instrumented_libero10_v2,libero10_v2_selected_023,libero10_v2_task00_expansion0012,,202708317,fully_instrumented_libero10_v2/expansion/task_0/rollout_0012,260,128
v1completed_external_S6_libero10_v2_selected_024,5,S6,LIVING_ROOM_SCENE2_put_both_the_alphabet_soup_and_the_tomato_sauce_in_the_basket,1,TRAIN,INNER_TRAIN,external_v2,fully_instrumented_libero10_v2,libero10_v2_selected_024,libero10_v2_task00_expansion0015,,202708320,fully_instrumented_libero10_v2/expansion/task_0/rollout_0015,260,128
v1completed_external_S6_libero10_v2_selected_025,5,S6,LIVING_ROOM_SCENE2_put_both_the_alphabet_soup_and_the_tomato_sauce_in_the_basket,0,TRAIN,INTERNAL_VALIDATION,external_v2,fully_instrumented_libero10_v2,libero10_v2_selected_025,libero10_v2_task00_expansion0017,,202708322,fully_instrumented_libero10_v2/expansion/task_0/rollout_0017,189,128
v1completed_external_S6_libero10_v2_selected_026,5,S6,LIVING_ROOM_SCENE2_put_both_the_alphabet_soup_and_the_tomato_sauce_in_the_basket,0,SEEN_EVAL,,external_v2,fully_instrumented_libero10_v2,libero10_v2_selected_026,libero10_v2_task00_expansion0021,,202708326,fully_instrumented_libero10_v2/expansion/task_0/rollout_0021,159,128
v1completed_external_S6_libero10_v2_selected_027,5,S6,LIVING_ROOM_SCENE2_put_both_the_alphabet_soup_and_the_tomato_sauce_in_the_basket,0,TRAIN,INTERNAL_VALIDATION,external_v2,fully_instrumented_libero10_v2,libero10_v2_selected_027,libero10_v2_task00_expansion0023,,202708328,fully_instrumented_libero10_v2/expansion/task_0/rollout_0023,252,128
v1completed_external_S6_libero10_v2_selected_028,5,S6,LIVING_ROOM_SCENE2_put_both_the_alphabet_soup_and_the_tomato_sauce_in_the_basket,0,TRAIN,INNER_TRAIN,external_v2,fully_instrumented_libero10_v2,libero10_v2_selected_028,libero10_v2_task00_expansion0027,,202708332,fully_instrumented_libero10_v2/expansion/task_0/rollout_0027,132,128
v1completed_external_S6_libero10_v2_selected_030,5,S6,LIVING_ROOM_SCENE2_put_both_the_alphabet_soup_and_the_tomato_sauce_in_the_basket,0,SEEN_EVAL,,external_v2,fully_instrumented_libero10_v2,libero10_v2_selected_030,libero10_v2_task00_expansion0034,,202708339,fully_instrumented_libero10_v2/expansion/task_0/rollout_0034,139,128
v1completed_external_S6_libero10_v2_selected_031,5,S6,LIVING_ROOM_SCENE2_put_both_the_alphabet_soup_and_the_tomato_sauce_in_the_basket,0,TRAIN,INNER_TRAIN,external_v2,fully_instrumented_libero10_v2,libero10_v2_selected_031,libero10_v2_task00_expansion0037,,202708342,fully_instrumented_libero10_v2/expansion/task_0/rollout_0037,175,128
v1completed_external_S6_libero10_v2_selected_032,5,S6,LIVING_ROOM_SCENE2_put_both_the_alphabet_soup_and_the_tomato_sauce_in_the_basket,1,TRAIN,INNER_TRAIN,external_v2,fully_instrumented_libero10_v2,libero10_v2_selected_032,libero10_v2_task00_expansion0040,,202708345,fully_instrumented_libero10_v2/expansion/task_0/rollout_0040,260,128
v1completed_external_S6_libero10_v2_selected_034,5,S6,LIVING_ROOM_SCENE2_put_both_the_alphabet_soup_and_the_tomato_sauce_in_the_basket,1,TRAIN,INTERNAL_VALIDATION,external_v2,fully_instrumented_libero10_v2,libero10_v2_selected_034,libero10_v2_task00_expansion0044,,202708349,fully_instrumented_libero10_v2/expansion/task_0/rollout_0044,260,128
v1completed_external_S6_libero10_v2_selected_035,5,S6,LIVING_ROOM_SCENE2_put_both_the_alphabet_soup_and_the_tomato_sauce_in_the_basket,0,TRAIN,INNER_TRAIN,external_v2,fully_instrumented_libero10_v2,libero10_v2_selected_035,libero10_v2_task00_expansion0045,,202708350,fully_instrumented_libero10_v2/expansion/task_0/rollout_0045,148,128
v1completed_external_S6_libero10_v2_selected_036,5,S6,LIVING_ROOM_SCENE2_put_both_the_alphabet_soup_and_the_tomato_sauce_in_the_basket,1,TRAIN,INNER_TRAIN,external_v2,fully_instrumented_libero10_v2,libero10_v2_selected_036,libero10_v2_task00_expansion0046,,202708351,fully_instrumented_libero10_v2/expansion/task_0/rollout_0046,260,128
v1completed_external_S6_libero10_v2_selected_038,5,S6,LIVING_ROOM_SCENE2_put_both_the_alphabet_soup_and_the_tomato_sauce_in_the_basket,0,SEEN_EVAL,,external_v2,fully_instrumented_libero10_v2,libero10_v2_selected_038,libero10_v2_task00_expansion0049,,202708354,fully_instrumented_libero10_v2/expansion/task_0/rollout_0049,136,128
v1completed_external_S6_libero10_v2_selected_039,5,S6,LIVING_ROOM_SCENE2_put_both_the_alphabet_soup_and_the_tomato_sauce_in_the_basket,0,SEEN_EVAL,,external_v2,fully_instrumented_libero10_v2,libero10_v2_selected_039,libero10_v2_task00_expansion0050,,202708355,fully_instrumented_libero10_v2/expansion/task_0/rollout_0050,128,128
v1completed_external_S6_libero10_v2_selected_040,5,S6,LIVING_ROOM_SCENE2_put_both_the_alphabet_soup_and_the_tomato_sauce_in_the_basket,0,TRAIN,INTERNAL_VALIDATION,external_v2,fully_instrumented_libero10_v2,libero10_v2_selected_040,libero10_v2_task00_expansion0053,,202708358,fully_instrumented_libero10_v2/expansion/task_0/rollout_0053,150,128
v1completed_external_S6_libero10_v2_selected_041,5,S6,LIVING_ROOM_SCENE2_put_both_the_alphabet_soup_and_the_tomato_sauce_in_the_basket,1,SEEN_EVAL,,external_v2,fully_instrumented_libero10_v2,libero10_v2_selected_041,libero10_v2_task00_expansion0054,,202708359,fully_instrumented_libero10_v2/expansion/task_0/rollout_0054,260,128
v1completed_external_S6_libero10_v2_selected_042,5,S6,LIVING_ROOM_SCENE2_put_both_the_alphabet_soup_and_the_tomato_sauce_in_the_basket,0,SEEN_EVAL,,external_v2,fully_instrumented_libero10_v2,libero10_v2_selected_042,libero10_v2_task00_expansion0060,,202708365,fully_instrumented_libero10_v2/expansion/task_0/rollout_0060,207,128
v1completed_external_S6_libero10_v2_selected_043,5,S6,LIVING_ROOM_SCENE2_put_both_the_alphabet_soup_and_the_tomato_sauce_in_the_basket,1,TRAIN,INTERNAL_VALIDATION,external_v2,fully_instrumented_libero10_v2,libero10_v2_selected_043,libero10_v2_task00_expansion0062,,202708367,fully_instrumented_libero10_v2/expansion/task_0/rollout_0062,260,128
v1completed_external_S6_libero10_v2_selected_044,5,S6,LIVING_ROOM_SCENE2_put_both_the_alphabet_soup_and_the_tomato_sauce_in_the_basket,0,TRAIN,INNER_TRAIN,external_v2,fully_instrumented_libero10_v2,libero10_v2_selected_044,libero10_v2_task00_expansion0063,,202708368,fully_instrumented_libero10_v2/expansion/task_0/rollout_0063,135,128
v1completed_external_S6_libero10_v2_selected_045,5,S6,LIVING_ROOM_SCENE2_put_both_the_alphabet_soup_and_the_tomato_sauce_in_the_basket,0,TRAIN,INNER_TRAIN,external_v2,fully_instrumented_libero10_v2,libero10_v2_selected_045,libero10_v2_task00_expansion0065,,202708370,fully_instrumented_libero10_v2/expansion/task_0/rollout_0065,146,128
v1completed_external_S6_libero10_v2_selected_046,5,S6,LIVING_ROOM_SCENE2_put_both_the_alphabet_soup_and_the_tomato_sauce_in_the_basket,0,SEEN_EVAL,,external_v2,fully_instrumented_libero10_v2,libero10_v2_selected_046,libero10_v2_task00_expansion0066,,202708371,fully_instrumented_libero10_v2/expansion/task_0/rollout_0066,134,128
v1completed_external_S6_libero10_v2_selected_047,5,S6,LIVING_ROOM_SCENE2_put_both_the_alphabet_soup_and_the_tomato_sauce_in_the_basket,0,TRAIN,INNER_TRAIN,external_v2,fully_instrumented_libero10_v2,libero10_v2_selected_047,libero10_v2_task00_expansion0069,,202708374,fully_instrumented_libero10_v2/expansion/task_0/rollout_0069,153,128
v1completed_external_S6_libero10_v2_selected_048,5,S6,LIVING_ROOM_SCENE2_put_both_the_alphabet_soup_and_the_tomato_sauce_in_the_basket,0,TRAIN,INNER_TRAIN,external_v2,fully_instrumented_libero10_v2,libero10_v2_selected_048,libero10_v2_task00_expansion0072,,202708377,fully_instrumented_libero10_v2/expansion/task_0/rollout_0072,158,128
v1completed_external_S6_libero10_v2_selected_049,5,S6,LIVING_ROOM_SCENE2_put_both_the_alphabet_soup_and_the_tomato_sauce_in_the_basket,1,SEEN_EVAL,,external_v2,fully_instrumented_libero10_v2,libero10_v2_selected_049,libero10_v2_task00_expansion0076,,202708381,fully_instrumented_libero10_v2/expansion/task_0/rollout_0076,260,128
v1completed_S7_replay_006,6,S7,LIVING_ROOM_SCENE6_put_the_white_mug_on_the_plate_and_put_the_chocolate_pudding_to_the_right_of_the_plate,1,SEEN_EVAL,,v1_replay,V1补齐版本,v1completed_S7_replay_006,v1completed_S7_replay_006,stage4b-seen-S7-0533,608160147,V1补齐版本/generated_v1_assets/S7/v1completed_S7_replay_006,260,112
v1completed_S7_replay_009,6,S7,LIVING_ROOM_SCENE6_put_the_white_mug_on_the_plate_and_put_the_chocolate_pudding_to_the_right_of_the_plate,1,TRAIN,INNER_TRAIN,v1_replay,V1补齐版本,v1completed_S7_replay_009,v1completed_S7_replay_009,stage4b-seen-S7-0539,608160153,V1补齐版本/generated_v1_assets/S7/v1completed_S7_replay_009,260,112
v1completed_S7_replay_010,6,S7,LIVING_ROOM_SCENE6_put_the_white_mug_on_the_plate_and_put_the_chocolate_pudding_to_the_right_of_the_plate,1,SEEN_EVAL,,v1_replay,V1补齐版本,v1completed_S7_replay_010,v1completed_S7_replay_010,stage4b-seen-S7-0541,608160155,V1补齐版本/generated_v1_assets/S7/v1completed_S7_replay_010,260,112
v1completed_S7_replay_014,6,S7,LIVING_ROOM_SCENE6_put_the_white_mug_on_the_plate_and_put_the_chocolate_pudding_to_the_right_of_the_plate,1,TRAIN,INNER_TRAIN,v1_replay,V1补齐版本,v1completed_S7_replay_014,v1completed_S7_replay_014,stage4b-seen-S7-0545,608160159,V1补齐版本/generated_v1_assets/S7/v1completed_S7_replay_014,260,112
v1completed_S7_replay_016,6,S7,LIVING_ROOM_SCENE6_put_the_white_mug_on_the_plate_and_put_the_chocolate_pudding_to_the_right_of_the_plate,1,TRAIN,INNER_TRAIN,v1_replay,V1补齐版本,v1completed_S7_replay_016,v1completed_S7_replay_016,stage4b-seen-S7-0548,608160162,V1补齐版本/generated_v1_assets/S7/v1completed_S7_replay_016,260,112
v1completed_S7_replay_017,6,S7,LIVING_ROOM_SCENE6_put_the_white_mug_on_the_plate_and_put_the_chocolate_pudding_to_the_right_of_the_plate,1,TRAIN,INTERNAL_VALIDATION,v1_replay,V1补齐版本,v1completed_S7_replay_017,v1completed_S7_replay_017,stage4b-seen-S7-0549,608160163,V1补齐版本/generated_v1_assets/S7/v1completed_S7_replay_017,260,112
v1completed_S7_replay_020,6,S7,LIVING_ROOM_SCENE6_put_the_white_mug_on_the_plate_and_put_the_chocolate_pudding_to_the_right_of_the_plate,1,TRAIN,INNER_TRAIN,v1_replay,V1补齐版本,v1completed_S7_replay_020,v1completed_S7_replay_020,stage4b-seen-S7-0552,608160166,V1补齐版本/generated_v1_assets/S7/v1completed_S7_replay_020,260,112
v1completed_S7_replay_021,6,S7,LIVING_ROOM_SCENE6_put_the_white_mug_on_the_plate_and_put_the_chocolate_pudding_to_the_right_of_the_plate,1,SEEN_EVAL,,v1_replay,V1补齐版本,v1completed_S7_replay_021,v1completed_S7_replay_021,stage4b-seen-S7-0553,608160167,V1补齐版本/generated_v1_assets/S7/v1completed_S7_replay_021,260,112
v1completed_S7_replay_025,6,S7,LIVING_ROOM_SCENE6_put_the_white_mug_on_the_plate_and_put_the_chocolate_pudding_to_the_right_of_the_plate,1,SEEN_EVAL,,v1_replay,V1补齐版本,v1completed_S7_replay_025,v1completed_S7_replay_025,stage4b-seen-S7-0558,608160172,V1补齐版本/generated_v1_assets/S7/v1completed_S7_replay_025,260,112
v1completed_external_S7_libero10_v2_selected_300,6,S7,LIVING_ROOM_SCENE6_put_the_white_mug_on_the_plate_and_put_the_chocolate_pudding_to_the_right_of_the_plate,1,TRAIN,INNER_TRAIN,external_v2,fully_instrumented_libero10_v2,libero10_v2_selected_300,libero10_task06_rollout000,,202614250,fully_instrumented_libero10_v1/tasks/task_06/rollout_000,260,112
v1completed_external_S7_libero10_v2_selected_301,6,S7,LIVING_ROOM_SCENE6_put_the_white_mug_on_the_plate_and_put_the_chocolate_pudding_to_the_right_of_the_plate,1,SEEN_EVAL,,external_v2,fully_instrumented_libero10_v2,libero10_v2_selected_301,libero10_task06_rollout001,,202614251,fully_instrumented_libero10_v1/tasks/task_06/rollout_001,260,112
v1completed_external_S7_libero10_v2_selected_302,6,S7,LIVING_ROOM_SCENE6_put_the_white_mug_on_the_plate_and_put_the_chocolate_pudding_to_the_right_of_the_plate,0,TRAIN,INTERNAL_VALIDATION,external_v2,fully_instrumented_libero10_v2,libero10_v2_selected_302,libero10_task06_rollout002,,202614252,fully_instrumented_libero10_v1/tasks/task_06/rollout_002,129,112
v1completed_external_S7_libero10_v2_selected_303,6,S7,LIVING_ROOM_SCENE6_put_the_white_mug_on_the_plate_and_put_the_chocolate_pudding_to_the_right_of_the_plate,0,TRAIN,INNER_TRAIN,external_v2,fully_instrumented_libero10_v2,libero10_v2_selected_303,libero10_task06_rollout003,,202614253,fully_instrumented_libero10_v1/tasks/task_06/rollout_003,142,112
v1completed_external_S7_libero10_v2_selected_304,6,S7,LIVING_ROOM_SCENE6_put_the_white_mug_on_the_plate_and_put_the_chocolate_pudding_to_the_right_of_the_plate,0,TRAIN,INNER_TRAIN,external_v2,fully_instrumented_libero10_v2,libero10_v2_selected_304,libero10_task06_rollout004,,202614254,fully_instrumented_libero10_v1/tasks/task_06/rollout_004,191,112
v1completed_external_S7_libero10_v2_selected_305,6,S7,LIVING_ROOM_SCENE6_put_the_white_mug_on_the_plate_and_put_the_chocolate_pudding_to_the_right_of_the_plate,1,SEEN_EVAL,,external_v2,fully_instrumented_libero10_v2,libero10_v2_selected_305,libero10_task06_rollout005,,202614255,fully_instrumented_libero10_v1/tasks/task_06/rollout_005,260,112
v1completed_external_S7_libero10_v2_selected_306,6,S7,LIVING_ROOM_SCENE6_put_the_white_mug_on_the_plate_and_put_the_chocolate_pudding_to_the_right_of_the_plate,1,TRAIN,INNER_TRAIN,external_v2,fully_instrumented_libero10_v2,libero10_v2_selected_306,libero10_task06_rollout006,,202614256,fully_instrumented_libero10_v1/tasks/task_06/rollout_006,260,112
v1completed_external_S7_libero10_v2_selected_307,6,S7,LIVING_ROOM_SCENE6_put_the_white_mug_on_the_plate_and_put_the_chocolate_pudding_to_the_right_of_the_plate,0,SEEN_EVAL,,external_v2,fully_instrumented_libero10_v2,libero10_v2_selected_307,libero10_task06_rollout007,,202614257,fully_instrumented_libero10_v1/tasks/task_06/rollout_007,152,112
v1completed_external_S7_libero10_v2_selected_310,6,S7,LIVING_ROOM_SCENE6_put_the_white_mug_on_the_plate_and_put_the_chocolate_pudding_to_the_right_of_the_plate,1,TRAIN,INTERNAL_VALIDATION,external_v2,fully_instrumented_libero10_v2,libero10_v2_selected_310,libero10_task06_rollout010,,202614260,fully_instrumented_libero10_v1/tasks/task_06/rollout_010,260,112
v1completed_external_S7_libero10_v2_selected_313,6,S7,LIVING_ROOM_SCENE6_put_the_white_mug_on_the_plate_and_put_the_chocolate_pudding_to_the_right_of_the_plate,1,TRAIN,INNER_TRAIN,external_v2,fully_instrumented_libero10_v2,libero10_v2_selected_313,libero10_task06_rollout013,,202614263,fully_instrumented_libero10_v1/tasks/task_06/rollout_013,260,112
v1completed_external_S7_libero10_v2_selected_314,6,S7,LIVING_ROOM_SCENE6_put_the_white_mug_on_the_plate_and_put_the_chocolate_pudding_to_the_right_of_the_plate,0,TRAIN,INTERNAL_VALIDATION,external_v2,fully_instrumented_libero10_v2,libero10_v2_selected_314,libero10_task06_rollout014,,202614264,fully_instrumented_libero10_v1/tasks/task_06/rollout_014,214,112
v1completed_external_S7_libero10_v2_selected_315,6,S7,LIVING_ROOM_SCENE6_put_the_white_mug_on_the_plate_and_put_the_chocolate_pudding_to_the_right_of_the_plate,1,TRAIN,INNER_TRAIN,external_v2,fully_instrumented_libero10_v2,libero10_v2_selected_315,libero10_task06_rollout015,,202614265,fully_instrumented_libero10_v1/tasks/task_06/rollout_015,260,112
v1completed_external_S7_libero10_v2_selected_316,6,S7,LIVING_ROOM_SCENE6_put_the_white_mug_on_the_plate_and_put_the_chocolate_pudding_to_the_right_of_the_plate,0,TRAIN,INNER_TRAIN,external_v2,fully_instrumented_libero10_v2,libero10_v2_selected_316,libero10_task06_rollout016,,202614266,fully_instrumented_libero10_v1/tasks/task_06/rollout_016,116,112
v1completed_external_S7_libero10_v2_selected_317,6,S7,LIVING_ROOM_SCENE6_put_the_white_mug_on_the_plate_and_put_the_chocolate_pudding_to_the_right_of_the_plate,0,SEEN_EVAL,,external_v2,fully_instrumented_libero10_v2,libero10_v2_selected_317,libero10_task06_rollout017,,202614267,fully_instrumented_libero10_v1/tasks/task_06/rollout_017,140,112
v1completed_external_S7_libero10_v2_selected_318,6,S7,LIVING_ROOM_SCENE6_put_the_white_mug_on_the_plate_and_put_the_chocolate_pudding_to_the_right_of_the_plate,0,TRAIN,INNER_TRAIN,external_v2,fully_instrumented_libero10_v2,libero10_v2_selected_318,libero10_task06_rollout018,,202614268,fully_instrumented_libero10_v1/tasks/task_06/rollout_018,115,112
v1completed_external_S7_libero10_v2_selected_319,6,S7,LIVING_ROOM_SCENE6_put_the_white_mug_on_the_plate_and_put_the_chocolate_pudding_to_the_right_of_the_plate,0,TRAIN,INNER_TRAIN,external_v2,fully_instrumented_libero10_v2,libero10_v2_selected_319,libero10_task06_rollout019,,202614269,fully_instrumented_libero10_v1/tasks/task_06/rollout_019,147,112
v1completed_external_S7_libero10_v2_selected_320,6,S7,LIVING_ROOM_SCENE6_put_the_white_mug_on_the_plate_and_put_the_chocolate_pudding_to_the_right_of_the_plate,1,SEEN_EVAL,,external_v2,fully_instrumented_libero10_v2,libero10_v2_selected_320,libero10_task06_rollout020,,202614270,fully_instrumented_libero10_v1/tasks/task_06/rollout_020,260,112
v1completed_external_S7_libero10_v2_selected_321,6,S7,LIVING_ROOM_SCENE6_put_the_white_mug_on_the_plate_and_put_the_chocolate_pudding_to_the_right_of_the_plate,1,TRAIN,INNER_TRAIN,external_v2,fully_instrumented_libero10_v2,libero10_v2_selected_321,libero10_task06_rollout021,,202614271,fully_instrumented_libero10_v1/tasks/task_06/rollout_021,260,112
v1completed_external_S7_libero10_v2_selected_322,6,S7,LIVING_ROOM_SCENE6_put_the_white_mug_on_the_plate_and_put_the_chocolate_pudding_to_the_right_of_the_plate,0,TRAIN,INNER_TRAIN,external_v2,fully_instrumented_libero10_v2,libero10_v2_selected_322,libero10_task06_rollout022,,202614272,fully_instrumented_libero10_v1/tasks/task_06/rollout_022,217,112
v1completed_external_S7_libero10_v2_selected_324,6,S7,LIVING_ROOM_SCENE6_put_the_white_mug_on_the_plate_and_put_the_chocolate_pudding_to_the_right_of_the_plate,0,TRAIN,INNER_TRAIN,external_v2,fully_instrumented_libero10_v2,libero10_v2_selected_324,libero10_task06_rollout024,,202614274,fully_instrumented_libero10_v1/tasks/task_06/rollout_024,118,112
v1completed_external_S7_libero10_v2_selected_325,6,S7,LIVING_ROOM_SCENE6_put_the_white_mug_on_the_plate_and_put_the_chocolate_pudding_to_the_right_of_the_plate,1,TRAIN,INNER_TRAIN,external_v2,fully_instrumented_libero10_v2,libero10_v2_selected_325,libero10_task06_rollout025,,202614275,fully_instrumented_libero10_v1/tasks/task_06/rollout_025,260,112
v1completed_external_S7_libero10_v2_selected_326,6,S7,LIVING_ROOM_SCENE6_put_the_white_mug_on_the_plate_and_put_the_chocolate_pudding_to_the_right_of_the_plate,0,TRAIN,INTERNAL_VALIDATION,external_v2,fully_instrumented_libero10_v2,libero10_v2_selected_326,libero10_task06_rollout026,,202614276,fully_instrumented_libero10_v1/tasks/task_06/rollout_026,144,112
v1completed_external_S7_libero10_v2_selected_328,6,S7,LIVING_ROOM_SCENE6_put_the_white_mug_on_the_plate_and_put_the_chocolate_pudding_to_the_right_of_the_plate,1,SEEN_EVAL,,external_v2,fully_instrumented_libero10_v2,libero10_v2_selected_328,libero10_task06_rollout028,,202614278,fully_instrumented_libero10_v1/tasks/task_06/rollout_028,260,112
v1completed_external_S7_libero10_v2_selected_329,6,S7,LIVING_ROOM_SCENE6_put_the_white_mug_on_the_plate_and_put_the_chocolate_pudding_to_the_right_of_the_plate,0,TRAIN,INNER_TRAIN,external_v2,fully_instrumented_libero10_v2,libero10_v2_selected_329,libero10_task06_rollout029,,202614279,fully_instrumented_libero10_v1/tasks/task_06/rollout_029,178,112
v1completed_external_S7_libero10_v2_selected_330,6,S7,LIVING_ROOM_SCENE6_put_the_white_mug_on_the_plate_and_put_the_chocolate_pudding_to_the_right_of_the_plate,1,TRAIN,INTERNAL_VALIDATION,external_v2,fully_instrumented_libero10_v2,libero10_v2_selected_330,libero10_task06_rollout030,,202614280,fully_instrumented_libero10_v1/tasks/task_06/rollout_030,260,112
v1completed_external_S7_libero10_v2_selected_331,6,S7,LIVING_ROOM_SCENE6_put_the_white_mug_on_the_plate_and_put_the_chocolate_pudding_to_the_right_of_the_plate,0,SEEN_EVAL,,external_v2,fully_instrumented_libero10_v2,libero10_v2_selected_331,libero10_task06_rollout031,,202614281,fully_instrumented_libero10_v1/tasks/task_06/rollout_031,165,112
v1completed_external_S7_libero10_v2_selected_333,6,S7,LIVING_ROOM_SCENE6_put_the_white_mug_on_the_plate_and_put_the_chocolate_pudding_to_the_right_of_the_plate,0,SEEN_EVAL,,external_v2,fully_instrumented_libero10_v2,libero10_v2_selected_333,libero10_task06_rollout033,,202614283,fully_instrumented_libero10_v1/tasks/task_06/rollout_033,126,112
v1completed_external_S7_libero10_v2_selected_334,6,S7,LIVING_ROOM_SCENE6_put_the_white_mug_on_the_plate_and_put_the_chocolate_pudding_to_the_right_of_the_plate,1,SEEN_EVAL,,external_v2,fully_instrumented_libero10_v2,libero10_v2_selected_334,libero10_task06_rollout034,,202614284,fully_instrumented_libero10_v1/tasks/task_06/rollout_034,260,112
v1completed_external_S7_libero10_v2_selected_335,6,S7,LIVING_ROOM_SCENE6_put_the_white_mug_on_the_plate_and_put_the_chocolate_pudding_to_the_right_of_the_plate,1,TRAIN,INNER_TRAIN,external_v2,fully_instrumented_libero10_v2,libero10_v2_selected_335,libero10_task06_rollout035,,202614285,fully_instrumented_libero10_v1/tasks/task_06/rollout_035,260,112
v1completed_external_S7_libero10_v2_selected_336,6,S7,LIVING_ROOM_SCENE6_put_the_white_mug_on_the_plate_and_put_the_chocolate_pudding_to_the_right_of_the_plate,0,SEEN_EVAL,,external_v2,fully_instrumented_libero10_v2,libero10_v2_selected_336,libero10_task06_rollout036,,202614286,fully_instrumented_libero10_v1/tasks/task_06/rollout_036,170,112
v1completed_external_S7_libero10_v2_selected_337,6,S7,LIVING_ROOM_SCENE6_put_the_white_mug_on_the_plate_and_put_the_chocolate_pudding_to_the_right_of_the_plate,0,SEEN_EVAL,,external_v2,fully_instrumented_libero10_v2,libero10_v2_selected_337,libero10_task06_rollout037,,202614287,fully_instrumented_libero10_v1/tasks/task_06/rollout_037,118,112
v1completed_external_S7_libero10_v2_selected_339,6,S7,LIVING_ROOM_SCENE6_put_the_white_mug_on_the_plate_and_put_the_chocolate_pudding_to_the_right_of_the_plate,0,TRAIN,INNER_TRAIN,external_v2,fully_instrumented_libero10_v2,libero10_v2_selected_339,libero10_task06_rollout039,,202614289,fully_instrumented_libero10_v1/tasks/task_06/rollout_039,112,112
v1completed_external_S7_libero10_v2_selected_340,6,S7,LIVING_ROOM_SCENE6_put_the_white_mug_on_the_plate_and_put_the_chocolate_pudding_to_the_right_of_the_plate,0,TRAIN,INNER_TRAIN,external_v2,fully_instrumented_libero10_v2,libero10_v2_selected_340,libero10_task06_rollout040,,202614290,fully_instrumented_libero10_v1/tasks/task_06/rollout_040,112,112
v1completed_external_S7_libero10_v2_selected_341,6,S7,LIVING_ROOM_SCENE6_put_the_white_mug_on_the_plate_and_put_the_chocolate_pudding_to_the_right_of_the_plate,0,SEEN_EVAL,,external_v2,fully_instrumented_libero10_v2,libero10_v2_selected_341,libero10_task06_rollout041,,202614291,fully_instrumented_libero10_v1/tasks/task_06/rollout_041,149,112
v1completed_external_S7_libero10_v2_selected_342,6,S7,LIVING_ROOM_SCENE6_put_the_white_mug_on_the_plate_and_put_the_chocolate_pudding_to_the_right_of_the_plate,0,SEEN_EVAL,,external_v2,fully_instrumented_libero10_v2,libero10_v2_selected_342,libero10_task06_rollout042,,202614292,fully_instrumented_libero10_v1/tasks/task_06/rollout_042,155,112
v1completed_external_S7_libero10_v2_selected_343,6,S7,LIVING_ROOM_SCENE6_put_the_white_mug_on_the_plate_and_put_the_chocolate_pudding_to_the_right_of_the_plate,0,SEEN_EVAL,,external_v2,fully_instrumented_libero10_v2,libero10_v2_selected_343,libero10_task06_rollout043,,202614293,fully_instrumented_libero10_v1/tasks/task_06/rollout_043,152,112
v1completed_external_S7_libero10_v2_selected_344,6,S7,LIVING_ROOM_SCENE6_put_the_white_mug_on_the_plate_and_put_the_chocolate_pudding_to_the_right_of_the_plate,0,TRAIN,INNER_TRAIN,external_v2,fully_instrumented_libero10_v2,libero10_v2_selected_344,libero10_task06_rollout044,,202614294,fully_instrumented_libero10_v1/tasks/task_06/rollout_044,121,112
v1completed_external_S7_libero10_v2_selected_345,6,S7,LIVING_ROOM_SCENE6_put_the_white_mug_on_the_plate_and_put_the_chocolate_pudding_to_the_right_of_the_plate,0,TRAIN,INNER_TRAIN,external_v2,fully_instrumented_libero10_v2,libero10_v2_selected_345,libero10_task06_rollout045,,202614295,fully_instrumented_libero10_v1/tasks/task_06/rollout_045,171,112
v1completed_external_S7_libero10_v2_selected_346,6,S7,LIVING_ROOM_SCENE6_put_the_white_mug_on_the_plate_and_put_the_chocolate_pudding_to_the_right_of_the_plate,1,SEEN_EVAL,,external_v2,fully_instrumented_libero10_v2,libero10_v2_selected_346,libero10_task06_rollout046,,202614296,fully_instrumented_libero10_v1/tasks/task_06/rollout_046,260,112
v1completed_external_S7_libero10_v2_selected_348,6,S7,LIVING_ROOM_SCENE6_put_the_white_mug_on_the_plate_and_put_the_chocolate_pudding_to_the_right_of_the_plate,0,SEEN_EVAL,,external_v2,fully_instrumented_libero10_v2,libero10_v2_selected_348,libero10_task06_rollout048,,202614298,fully_instrumented_libero10_v1/tasks/task_06/rollout_048,147,112
v1completed_external_S7_libero10_v2_selected_349,6,S7,LIVING_ROOM_SCENE6_put_the_white_mug_on_the_plate_and_put_the_chocolate_pudding_to_the_right_of_the_plate,1,TRAIN,INNER_TRAIN,external_v2,fully_instrumented_libero10_v2,libero10_v2_selected_349,libero10_task06_rollout049,,202614299,fully_instrumented_libero10_v1/tasks/task_06/rollout_049,260,112
v1completed_U1_replay_002,7,U1,KITCHEN_SCENE8_put_both_moka_pots_on_the_stove,0,UNSEEN_EVAL,,v1_replay,V1补齐版本,v1completed_U1_replay_002,v1completed_U1_replay_002,strict-unseen-U1-0611,608160004,V1补齐版本/generated_v1_assets/U1/v1completed_U1_replay_002,236,183
v1completed_U1_replay_008,7,U1,KITCHEN_SCENE8_put_both_moka_pots_on_the_stove,0,UNSEEN_EVAL,,v1_replay,V1补齐版本,v1completed_U1_replay_008,v1completed_U1_replay_008,strict-unseen-U1-0617,608160010,V1补齐版本/generated_v1_assets/U1/v1completed_U1_replay_008,225,183
v1completed_U1_replay_012,7,U1,KITCHEN_SCENE8_put_both_moka_pots_on_the_stove,0,UNSEEN_EVAL,,v1_replay,V1补齐版本,v1completed_U1_replay_012,v1completed_U1_replay_012,strict-unseen-U1-0623,608160016,V1补齐版本/generated_v1_assets/U1/v1completed_U1_replay_012,224,183
v1completed_external_U1_libero10_v2_selected_400,7,U1,KITCHEN_SCENE8_put_both_moka_pots_on_the_stove,1,UNSEEN_EVAL,,external_v2,fully_instrumented_libero10_v2,libero10_v2_selected_400,libero10_task08_rollout000,,202616250,fully_instrumented_libero10_v1/tasks/task_08/rollout_000,260,183
v1completed_external_U1_libero10_v2_selected_402,7,U1,KITCHEN_SCENE8_put_both_moka_pots_on_the_stove,1,UNSEEN_EVAL,,external_v2,fully_instrumented_libero10_v2,libero10_v2_selected_402,libero10_task08_rollout002,,202616252,fully_instrumented_libero10_v1/tasks/task_08/rollout_002,260,183
v1completed_external_U1_libero10_v2_selected_403,7,U1,KITCHEN_SCENE8_put_both_moka_pots_on_the_stove,1,UNSEEN_EVAL,,external_v2,fully_instrumented_libero10_v2,libero10_v2_selected_403,libero10_task08_rollout003,,202616253,fully_instrumented_libero10_v1/tasks/task_08/rollout_003,260,183
v1completed_external_U1_libero10_v2_selected_404,7,U1,KITCHEN_SCENE8_put_both_moka_pots_on_the_stove,1,UNSEEN_EVAL,,external_v2,fully_instrumented_libero10_v2,libero10_v2_selected_404,libero10_task08_rollout004,,202616254,fully_instrumented_libero10_v1/tasks/task_08/rollout_004,260,183
v1completed_external_U1_libero10_v2_selected_405,7,U1,KITCHEN_SCENE8_put_both_moka_pots_on_the_stove,0,UNSEEN_EVAL,,external_v2,fully_instrumented_libero10_v2,libero10_v2_selected_405,libero10_task08_rollout005,,202616255,fully_instrumented_libero10_v1/tasks/task_08/rollout_005,246,183
v1completed_external_U1_libero10_v2_selected_406,7,U1,KITCHEN_SCENE8_put_both_moka_pots_on_the_stove,0,UNSEEN_EVAL,,external_v2,fully_instrumented_libero10_v2,libero10_v2_selected_406,libero10_task08_rollout006,,202616256,fully_instrumented_libero10_v1/tasks/task_08/rollout_006,232,183
v1completed_external_U1_libero10_v2_selected_407,7,U1,KITCHEN_SCENE8_put_both_moka_pots_on_the_stove,0,UNSEEN_EVAL,,external_v2,fully_instrumented_libero10_v2,libero10_v2_selected_407,libero10_task08_rollout007,,202616257,fully_instrumented_libero10_v1/tasks/task_08/rollout_007,195,183
v1completed_external_U1_libero10_v2_selected_408,7,U1,KITCHEN_SCENE8_put_both_moka_pots_on_the_stove,0,UNSEEN_EVAL,,external_v2,fully_instrumented_libero10_v2,libero10_v2_selected_408,libero10_task08_rollout008,,202616258,fully_instrumented_libero10_v1/tasks/task_08/rollout_008,215,183
v1completed_external_U1_libero10_v2_selected_409,7,U1,KITCHEN_SCENE8_put_both_moka_pots_on_the_stove,1,UNSEEN_EVAL,,external_v2,fully_instrumented_libero10_v2,libero10_v2_selected_409,libero10_task08_rollout009,,202616259,fully_instrumented_libero10_v1/tasks/task_08/rollout_009,260,183
v1completed_external_U1_libero10_v2_selected_410,7,U1,KITCHEN_SCENE8_put_both_moka_pots_on_the_stove,1,UNSEEN_EVAL,,external_v2,fully_instrumented_libero10_v2,libero10_v2_selected_410,libero10_task08_rollout010,,202616260,fully_instrumented_libero10_v1/tasks/task_08/rollout_010,260,183
v1completed_external_U1_libero10_v2_selected_411,7,U1,KITCHEN_SCENE8_put_both_moka_pots_on_the_stove,1,UNSEEN_EVAL,,external_v2,fully_instrumented_libero10_v2,libero10_v2_selected_411,libero10_task08_rollout011,,202616261,fully_instrumented_libero10_v1/tasks/task_08/rollout_011,260,183
v1completed_external_U1_libero10_v2_selected_412,7,U1,KITCHEN_SCENE8_put_both_moka_pots_on_the_stove,1,UNSEEN_EVAL,,external_v2,fully_instrumented_libero10_v2,libero10_v2_selected_412,libero10_task08_rollout012,,202616262,fully_instrumented_libero10_v1/tasks/task_08/rollout_012,260,183
v1completed_external_U1_libero10_v2_selected_413,7,U1,KITCHEN_SCENE8_put_both_moka_pots_on_the_stove,1,UNSEEN_EVAL,,external_v2,fully_instrumented_libero10_v2,libero10_v2_selected_413,libero10_task08_rollout013,,202616263,fully_instrumented_libero10_v1/tasks/task_08/rollout_013,260,183
v1completed_external_U1_libero10_v2_selected_414,7,U1,KITCHEN_SCENE8_put_both_moka_pots_on_the_stove,1,UNSEEN_EVAL,,external_v2,fully_instrumented_libero10_v2,libero10_v2_selected_414,libero10_task08_rollout014,,202616264,fully_instrumented_libero10_v1/tasks/task_08/rollout_014,260,183
v1completed_external_U1_libero10_v2_selected_415,7,U1,KITCHEN_SCENE8_put_both_moka_pots_on_the_stove,1,UNSEEN_EVAL,,external_v2,fully_instrumented_libero10_v2,libero10_v2_selected_415,libero10_task08_rollout015,,202616265,fully_instrumented_libero10_v1/tasks/task_08/rollout_015,260,183
v1completed_external_U1_libero10_v2_selected_416,7,U1,KITCHEN_SCENE8_put_both_moka_pots_on_the_stove,0,UNSEEN_EVAL,,external_v2,fully_instrumented_libero10_v2,libero10_v2_selected_416,libero10_task08_rollout016,,202616266,fully_instrumented_libero10_v1/tasks/task_08/rollout_016,183,183
v1completed_external_U1_libero10_v2_selected_417,7,U1,KITCHEN_SCENE8_put_both_moka_pots_on_the_stove,0,UNSEEN_EVAL,,external_v2,fully_instrumented_libero10_v2,libero10_v2_selected_417,libero10_task08_rollout017,,202616267,fully_instrumented_libero10_v1/tasks/task_08/rollout_017,252,183
v1completed_external_U1_libero10_v2_selected_418,7,U1,KITCHEN_SCENE8_put_both_moka_pots_on_the_stove,0,UNSEEN_EVAL,,external_v2,fully_instrumented_libero10_v2,libero10_v2_selected_418,libero10_task08_rollout018,,202616268,fully_instrumented_libero10_v1/tasks/task_08/rollout_018,244,183
v1completed_external_U1_libero10_v2_selected_419,7,U1,KITCHEN_SCENE8_put_both_moka_pots_on_the_stove,1,UNSEEN_EVAL,,external_v2,fully_instrumented_libero10_v2,libero10_v2_selected_419,libero10_task08_rollout019,,202616269,fully_instrumented_libero10_v1/tasks/task_08/rollout_019,260,183
v1completed_external_U1_libero10_v2_selected_420,7,U1,KITCHEN_SCENE8_put_both_moka_pots_on_the_stove,1,UNSEEN_EVAL,,external_v2,fully_instrumented_libero10_v2,libero10_v2_selected_420,libero10_task08_rollout020,,202616270,fully_instrumented_libero10_v1/tasks/task_08/rollout_020,260,183
v1completed_external_U1_libero10_v2_selected_422,7,U1,KITCHEN_SCENE8_put_both_moka_pots_on_the_stove,1,UNSEEN_EVAL,,external_v2,fully_instrumented_libero10_v2,libero10_v2_selected_422,libero10_task08_rollout022,,202616272,fully_instrumented_libero10_v1/tasks/task_08/rollout_022,260,183
v1completed_external_U1_libero10_v2_selected_423,7,U1,KITCHEN_SCENE8_put_both_moka_pots_on_the_stove,1,UNSEEN_EVAL,,external_v2,fully_instrumented_libero10_v2,libero10_v2_selected_423,libero10_task08_rollout023,,202616273,fully_instrumented_libero10_v1/tasks/task_08/rollout_023,260,183
v1completed_external_U1_libero10_v2_selected_424,7,U1,KITCHEN_SCENE8_put_both_moka_pots_on_the_stove,1,UNSEEN_EVAL,,external_v2,fully_instrumented_libero10_v2,libero10_v2_selected_424,libero10_task08_rollout024,,202616274,fully_instrumented_libero10_v1/tasks/task_08/rollout_024,260,183
v1completed_external_U1_libero10_v2_selected_425,7,U1,KITCHEN_SCENE8_put_both_moka_pots_on_the_stove,1,UNSEEN_EVAL,,external_v2,fully_instrumented_libero10_v2,libero10_v2_selected_425,libero10_task08_rollout025,,202616275,fully_instrumented_libero10_v1/tasks/task_08/rollout_025,260,183
v1completed_external_U1_libero10_v2_selected_426,7,U1,KITCHEN_SCENE8_put_both_moka_pots_on_the_stove,0,UNSEEN_EVAL,,external_v2,fully_instrumented_libero10_v2,libero10_v2_selected_426,libero10_task08_rollout026,,202616276,fully_instrumented_libero10_v1/tasks/task_08/rollout_026,236,183
v1completed_external_U1_libero10_v2_selected_427,7,U1,KITCHEN_SCENE8_put_both_moka_pots_on_the_stove,1,UNSEEN_EVAL,,external_v2,fully_instrumented_libero10_v2,libero10_v2_selected_427,libero10_task08_rollout027,,202616277,fully_instrumented_libero10_v1/tasks/task_08/rollout_027,260,183
v1completed_external_U1_libero10_v2_selected_428,7,U1,KITCHEN_SCENE8_put_both_moka_pots_on_the_stove,1,UNSEEN_EVAL,,external_v2,fully_instrumented_libero10_v2,libero10_v2_selected_428,libero10_task08_rollout028,,202616278,fully_instrumented_libero10_v1/tasks/task_08/rollout_028,260,183
v1completed_external_U1_libero10_v2_selected_429,7,U1,KITCHEN_SCENE8_put_both_moka_pots_on_the_stove,1,UNSEEN_EVAL,,external_v2,fully_instrumented_libero10_v2,libero10_v2_selected_429,libero10_task08_rollout029,,202616279,fully_instrumented_libero10_v1/tasks/task_08/rollout_029,260,183
v1completed_external_U1_libero10_v2_selected_430,7,U1,KITCHEN_SCENE8_put_both_moka_pots_on_the_stove,1,UNSEEN_EVAL,,external_v2,fully_instrumented_libero10_v2,libero10_v2_selected_430,libero10_task08_rollout030,,202616280,fully_instrumented_libero10_v1/tasks/task_08/rollout_030,260,183
v1completed_external_U1_libero10_v2_selected_431,7,U1,KITCHEN_SCENE8_put_both_moka_pots_on_the_stove,0,UNSEEN_EVAL,,external_v2,fully_instrumented_libero10_v2,libero10_v2_selected_431,libero10_task08_rollout031,,202616281,fully_instrumented_libero10_v1/tasks/task_08/rollout_031,260,183
v1completed_external_U1_libero10_v2_selected_432,7,U1,KITCHEN_SCENE8_put_both_moka_pots_on_the_stove,0,UNSEEN_EVAL,,external_v2,fully_instrumented_libero10_v2,libero10_v2_selected_432,libero10_task08_rollout032,,202616282,fully_instrumented_libero10_v1/tasks/task_08/rollout_032,211,183
v1completed_external_U1_libero10_v2_selected_433,7,U1,KITCHEN_SCENE8_put_both_moka_pots_on_the_stove,1,UNSEEN_EVAL,,external_v2,fully_instrumented_libero10_v2,libero10_v2_selected_433,libero10_task08_rollout033,,202616283,fully_instrumented_libero10_v1/tasks/task_08/rollout_033,260,183
v1completed_external_U1_libero10_v2_selected_434,7,U1,KITCHEN_SCENE8_put_both_moka_pots_on_the_stove,0,UNSEEN_EVAL,,external_v2,fully_instrumented_libero10_v2,libero10_v2_selected_434,libero10_task08_rollout034,,202616284,fully_instrumented_libero10_v1/tasks/task_08/rollout_034,220,183
v1completed_external_U1_libero10_v2_selected_435,7,U1,KITCHEN_SCENE8_put_both_moka_pots_on_the_stove,1,UNSEEN_EVAL,,external_v2,fully_instrumented_libero10_v2,libero10_v2_selected_435,libero10_task08_rollout035,,202616285,fully_instrumented_libero10_v1/tasks/task_08/rollout_035,260,183
v1completed_external_U1_libero10_v2_selected_436,7,U1,KITCHEN_SCENE8_put_both_moka_pots_on_the_stove,1,UNSEEN_EVAL,,external_v2,fully_instrumented_libero10_v2,libero10_v2_selected_436,libero10_task08_rollout036,,202616286,fully_instrumented_libero10_v1/tasks/task_08/rollout_036,260,183
v1completed_external_U1_libero10_v2_selected_437,7,U1,KITCHEN_SCENE8_put_both_moka_pots_on_the_stove,1,UNSEEN_EVAL,,external_v2,fully_instrumented_libero10_v2,libero10_v2_selected_437,libero10_task08_rollout037,,202616287,fully_instrumented_libero10_v1/tasks/task_08/rollout_037,260,183
v1completed_external_U1_libero10_v2_selected_438,7,U1,KITCHEN_SCENE8_put_both_moka_pots_on_the_stove,0,UNSEEN_EVAL,,external_v2,fully_instrumented_libero10_v2,libero10_v2_selected_438,libero10_task08_rollout038,,202616288,fully_instrumented_libero10_v1/tasks/task_08/rollout_038,211,183
v1completed_external_U1_libero10_v2_selected_439,7,U1,KITCHEN_SCENE8_put_both_moka_pots_on_the_stove,1,UNSEEN_EVAL,,external_v2,fully_instrumented_libero10_v2,libero10_v2_selected_439,libero10_task08_rollout039,,202616289,fully_instrumented_libero10_v1/tasks/task_08/rollout_039,260,183
v1completed_external_U1_libero10_v2_selected_441,7,U1,KITCHEN_SCENE8_put_both_moka_pots_on_the_stove,1,UNSEEN_EVAL,,external_v2,fully_instrumented_libero10_v2,libero10_v2_selected_441,libero10_task08_rollout041,,202616291,fully_instrumented_libero10_v1/tasks/task_08/rollout_041,260,183
v1completed_external_U1_libero10_v2_selected_442,7,U1,KITCHEN_SCENE8_put_both_moka_pots_on_the_stove,1,UNSEEN_EVAL,,external_v2,fully_instrumented_libero10_v2,libero10_v2_selected_442,libero10_task08_rollout042,,202616292,fully_instrumented_libero10_v1/tasks/task_08/rollout_042,260,183
v1completed_external_U1_libero10_v2_selected_443,7,U1,KITCHEN_SCENE8_put_both_moka_pots_on_the_stove,0,UNSEEN_EVAL,,external_v2,fully_instrumented_libero10_v2,libero10_v2_selected_443,libero10_task08_rollout043,,202616293,fully_instrumented_libero10_v1/tasks/task_08/rollout_043,220,183
v1completed_external_U1_libero10_v2_selected_444,7,U1,KITCHEN_SCENE8_put_both_moka_pots_on_the_stove,0,UNSEEN_EVAL,,external_v2,fully_instrumented_libero10_v2,libero10_v2_selected_444,libero10_task08_rollout044,,202616294,fully_instrumented_libero10_v1/tasks/task_08/rollout_044,211,183
v1completed_external_U1_libero10_v2_selected_445,7,U1,KITCHEN_SCENE8_put_both_moka_pots_on_the_stove,0,UNSEEN_EVAL,,external_v2,fully_instrumented_libero10_v2,libero10_v2_selected_445,libero10_task08_rollout045,,202616295,fully_instrumented_libero10_v1/tasks/task_08/rollout_045,188,183
v1completed_external_U1_libero10_v2_selected_446,7,U1,KITCHEN_SCENE8_put_both_moka_pots_on_the_stove,1,UNSEEN_EVAL,,external_v2,fully_instrumented_libero10_v2,libero10_v2_selected_446,libero10_task08_rollout046,,202616296,fully_instrumented_libero10_v1/tasks/task_08/rollout_046,260,183
v1completed_external_U1_libero10_v2_selected_447,7,U1,KITCHEN_SCENE8_put_both_moka_pots_on_the_stove,1,UNSEEN_EVAL,,external_v2,fully_instrumented_libero10_v2,libero10_v2_selected_447,libero10_task08_rollout047,,202616297,fully_instrumented_libero10_v1/tasks/task_08/rollout_047,260,183
v1completed_external_U1_libero10_v2_selected_448,7,U1,KITCHEN_SCENE8_put_both_moka_pots_on_the_stove,0,UNSEEN_EVAL,,external_v2,fully_instrumented_libero10_v2,libero10_v2_selected_448,libero10_task08_rollout048,,202616298,fully_instrumented_libero10_v1/tasks/task_08/rollout_048,229,183
v1completed_external_U1_libero10_v2_selected_449,7,U1,KITCHEN_SCENE8_put_both_moka_pots_on_the_stove,1,UNSEEN_EVAL,,external_v2,fully_instrumented_libero10_v2,libero10_v2_selected_449,libero10_task08_rollout049,,202616299,fully_instrumented_libero10_v1/tasks/task_08/rollout_049,260,183
v1completed_U2_replay_000,8,U2,LIVING_ROOM_SCENE1_put_both_the_alphabet_soup_and_the_cream_cheese_box_in_the_basket,0,UNSEEN_EVAL,,v1_replay,V1补齐版本,v1completed_U2_replay_000,v1completed_U2_replay_000,strict-unseen-U2-0568,608160034,V1补齐版本/generated_v1_assets/U2/v1completed_U2_replay_000,172,125
v1completed_U2_replay_025,8,U2,LIVING_ROOM_SCENE1_put_both_the_alphabet_soup_and_the_cream_cheese_box_in_the_basket,0,UNSEEN_EVAL,,v1_replay,V1补齐版本,v1completed_U2_replay_025,v1completed_U2_replay_025,strict-unseen-U2-0604,608160070,V1补齐版本/generated_v1_assets/U2/v1completed_U2_replay_025,151,125
v1completed_external_U2_libero10_v2_selected_350,8,U2,LIVING_ROOM_SCENE1_put_both_the_alphabet_soup_and_the_cream_cheese_box_in_the_basket,0,UNSEEN_EVAL,,external_v2,fully_instrumented_libero10_v2,libero10_v2_selected_350,libero10_task07_rollout000,,202615250,fully_instrumented_libero10_v1/tasks/task_07/rollout_000,180,125
v1completed_external_U2_libero10_v2_selected_351,8,U2,LIVING_ROOM_SCENE1_put_both_the_alphabet_soup_and_the_cream_cheese_box_in_the_basket,0,UNSEEN_EVAL,,external_v2,fully_instrumented_libero10_v2,libero10_v2_selected_351,libero10_task07_rollout001,,202615251,fully_instrumented_libero10_v1/tasks/task_07/rollout_001,125,125
v1completed_external_U2_libero10_v2_selected_352,8,U2,LIVING_ROOM_SCENE1_put_both_the_alphabet_soup_and_the_cream_cheese_box_in_the_basket,1,UNSEEN_EVAL,,external_v2,fully_instrumented_libero10_v2,libero10_v2_selected_352,libero10_task07_rollout002,,202615252,fully_instrumented_libero10_v1/tasks/task_07/rollout_002,260,125
v1completed_external_U2_libero10_v2_selected_353,8,U2,LIVING_ROOM_SCENE1_put_both_the_alphabet_soup_and_the_cream_cheese_box_in_the_basket,1,UNSEEN_EVAL,,external_v2,fully_instrumented_libero10_v2,libero10_v2_selected_353,libero10_task07_rollout003,,202615253,fully_instrumented_libero10_v1/tasks/task_07/rollout_003,260,125
v1completed_external_U2_libero10_v2_selected_354,8,U2,LIVING_ROOM_SCENE1_put_both_the_alphabet_soup_and_the_cream_cheese_box_in_the_basket,0,UNSEEN_EVAL,,external_v2,fully_instrumented_libero10_v2,libero10_v2_selected_354,libero10_task07_rollout004,,202615254,fully_instrumented_libero10_v1/tasks/task_07/rollout_004,222,125
v1completed_external_U2_libero10_v2_selected_355,8,U2,LIVING_ROOM_SCENE1_put_both_the_alphabet_soup_and_the_cream_cheese_box_in_the_basket,0,UNSEEN_EVAL,,external_v2,fully_instrumented_libero10_v2,libero10_v2_selected_355,libero10_task07_rollout005,,202615255,fully_instrumented_libero10_v1/tasks/task_07/rollout_005,153,125
v1completed_external_U2_libero10_v2_selected_356,8,U2,LIVING_ROOM_SCENE1_put_both_the_alphabet_soup_and_the_cream_cheese_box_in_the_basket,1,UNSEEN_EVAL,,external_v2,fully_instrumented_libero10_v2,libero10_v2_selected_356,libero10_task07_rollout006,,202615256,fully_instrumented_libero10_v1/tasks/task_07/rollout_006,260,125
v1completed_external_U2_libero10_v2_selected_357,8,U2,LIVING_ROOM_SCENE1_put_both_the_alphabet_soup_and_the_cream_cheese_box_in_the_basket,0,UNSEEN_EVAL,,external_v2,fully_instrumented_libero10_v2,libero10_v2_selected_357,libero10_task07_rollout007,,202615257,fully_instrumented_libero10_v1/tasks/task_07/rollout_007,202,125
v1completed_external_U2_libero10_v2_selected_358,8,U2,LIVING_ROOM_SCENE1_put_both_the_alphabet_soup_and_the_cream_cheese_box_in_the_basket,0,UNSEEN_EVAL,,external_v2,fully_instrumented_libero10_v2,libero10_v2_selected_358,libero10_task07_rollout008,,202615258,fully_instrumented_libero10_v1/tasks/task_07/rollout_008,127,125
v1completed_external_U2_libero10_v2_selected_359,8,U2,LIVING_ROOM_SCENE1_put_both_the_alphabet_soup_and_the_cream_cheese_box_in_the_basket,1,UNSEEN_EVAL,,external_v2,fully_instrumented_libero10_v2,libero10_v2_selected_359,libero10_task07_rollout009,,202615259,fully_instrumented_libero10_v1/tasks/task_07/rollout_009,260,125
v1completed_external_U2_libero10_v2_selected_360,8,U2,LIVING_ROOM_SCENE1_put_both_the_alphabet_soup_and_the_cream_cheese_box_in_the_basket,1,UNSEEN_EVAL,,external_v2,fully_instrumented_libero10_v2,libero10_v2_selected_360,libero10_task07_rollout010,,202615260,fully_instrumented_libero10_v1/tasks/task_07/rollout_010,260,125
v1completed_external_U2_libero10_v2_selected_361,8,U2,LIVING_ROOM_SCENE1_put_both_the_alphabet_soup_and_the_cream_cheese_box_in_the_basket,0,UNSEEN_EVAL,,external_v2,fully_instrumented_libero10_v2,libero10_v2_selected_361,libero10_task07_rollout011,,202615261,fully_instrumented_libero10_v1/tasks/task_07/rollout_011,247,125
v1completed_external_U2_libero10_v2_selected_362,8,U2,LIVING_ROOM_SCENE1_put_both_the_alphabet_soup_and_the_cream_cheese_box_in_the_basket,0,UNSEEN_EVAL,,external_v2,fully_instrumented_libero10_v2,libero10_v2_selected_362,libero10_task07_rollout012,,202615262,fully_instrumented_libero10_v1/tasks/task_07/rollout_012,246,125
v1completed_external_U2_libero10_v2_selected_363,8,U2,LIVING_ROOM_SCENE1_put_both_the_alphabet_soup_and_the_cream_cheese_box_in_the_basket,0,UNSEEN_EVAL,,external_v2,fully_instrumented_libero10_v2,libero10_v2_selected_363,libero10_task07_rollout013,,202615263,fully_instrumented_libero10_v1/tasks/task_07/rollout_013,161,125
v1completed_external_U2_libero10_v2_selected_364,8,U2,LIVING_ROOM_SCENE1_put_both_the_alphabet_soup_and_the_cream_cheese_box_in_the_basket,1,UNSEEN_EVAL,,external_v2,fully_instrumented_libero10_v2,libero10_v2_selected_364,libero10_task07_rollout014,,202615264,fully_instrumented_libero10_v1/tasks/task_07/rollout_014,260,125
v1completed_external_U2_libero10_v2_selected_365,8,U2,LIVING_ROOM_SCENE1_put_both_the_alphabet_soup_and_the_cream_cheese_box_in_the_basket,0,UNSEEN_EVAL,,external_v2,fully_instrumented_libero10_v2,libero10_v2_selected_365,libero10_task07_rollout015,,202615265,fully_instrumented_libero10_v1/tasks/task_07/rollout_015,161,125
v1completed_external_U2_libero10_v2_selected_366,8,U2,LIVING_ROOM_SCENE1_put_both_the_alphabet_soup_and_the_cream_cheese_box_in_the_basket,1,UNSEEN_EVAL,,external_v2,fully_instrumented_libero10_v2,libero10_v2_selected_366,libero10_task07_rollout016,,202615266,fully_instrumented_libero10_v1/tasks/task_07/rollout_016,260,125
v1completed_external_U2_libero10_v2_selected_368,8,U2,LIVING_ROOM_SCENE1_put_both_the_alphabet_soup_and_the_cream_cheese_box_in_the_basket,1,UNSEEN_EVAL,,external_v2,fully_instrumented_libero10_v2,libero10_v2_selected_368,libero10_task07_rollout018,,202615268,fully_instrumented_libero10_v1/tasks/task_07/rollout_018,260,125
v1completed_external_U2_libero10_v2_selected_369,8,U2,LIVING_ROOM_SCENE1_put_both_the_alphabet_soup_and_the_cream_cheese_box_in_the_basket,0,UNSEEN_EVAL,,external_v2,fully_instrumented_libero10_v2,libero10_v2_selected_369,libero10_task07_rollout019,,202615269,fully_instrumented_libero10_v1/tasks/task_07/rollout_019,146,125
v1completed_external_U2_libero10_v2_selected_370,8,U2,LIVING_ROOM_SCENE1_put_both_the_alphabet_soup_and_the_cream_cheese_box_in_the_basket,1,UNSEEN_EVAL,,external_v2,fully_instrumented_libero10_v2,libero10_v2_selected_370,libero10_task07_rollout020,,202615270,fully_instrumented_libero10_v1/tasks/task_07/rollout_020,260,125
v1completed_external_U2_libero10_v2_selected_371,8,U2,LIVING_ROOM_SCENE1_put_both_the_alphabet_soup_and_the_cream_cheese_box_in_the_basket,1,UNSEEN_EVAL,,external_v2,fully_instrumented_libero10_v2,libero10_v2_selected_371,libero10_task07_rollout021,,202615271,fully_instrumented_libero10_v1/tasks/task_07/rollout_021,260,125
v1completed_external_U2_libero10_v2_selected_372,8,U2,LIVING_ROOM_SCENE1_put_both_the_alphabet_soup_and_the_cream_cheese_box_in_the_basket,1,UNSEEN_EVAL,,external_v2,fully_instrumented_libero10_v2,libero10_v2_selected_372,libero10_task07_rollout022,,202615272,fully_instrumented_libero10_v1/tasks/task_07/rollout_022,260,125
v1completed_external_U2_libero10_v2_selected_373,8,U2,LIVING_ROOM_SCENE1_put_both_the_alphabet_soup_and_the_cream_cheese_box_in_the_basket,1,UNSEEN_EVAL,,external_v2,fully_instrumented_libero10_v2,libero10_v2_selected_373,libero10_task07_rollout023,,202615273,fully_instrumented_libero10_v1/tasks/task_07/rollout_023,260,125
v1completed_external_U2_libero10_v2_selected_374,8,U2,LIVING_ROOM_SCENE1_put_both_the_alphabet_soup_and_the_cream_cheese_box_in_the_basket,0,UNSEEN_EVAL,,external_v2,fully_instrumented_libero10_v2,libero10_v2_selected_374,libero10_task07_rollout024,,202615274,fully_instrumented_libero10_v1/tasks/task_07/rollout_024,135,125
v1completed_external_U2_libero10_v2_selected_375,8,U2,LIVING_ROOM_SCENE1_put_both_the_alphabet_soup_and_the_cream_cheese_box_in_the_basket,1,UNSEEN_EVAL,,external_v2,fully_instrumented_libero10_v2,libero10_v2_selected_375,libero10_task07_rollout025,,202615275,fully_instrumented_libero10_v1/tasks/task_07/rollout_025,260,125
v1completed_external_U2_libero10_v2_selected_376,8,U2,LIVING_ROOM_SCENE1_put_both_the_alphabet_soup_and_the_cream_cheese_box_in_the_basket,1,UNSEEN_EVAL,,external_v2,fully_instrumented_libero10_v2,libero10_v2_selected_376,libero10_task07_rollout026,,202615276,fully_instrumented_libero10_v1/tasks/task_07/rollout_026,260,125
v1completed_external_U2_libero10_v2_selected_377,8,U2,LIVING_ROOM_SCENE1_put_both_the_alphabet_soup_and_the_cream_cheese_box_in_the_basket,0,UNSEEN_EVAL,,external_v2,fully_instrumented_libero10_v2,libero10_v2_selected_377,libero10_task07_rollout027,,202615277,fully_instrumented_libero10_v1/tasks/task_07/rollout_027,210,125
v1completed_external_U2_libero10_v2_selected_378,8,U2,LIVING_ROOM_SCENE1_put_both_the_alphabet_soup_and_the_cream_cheese_box_in_the_basket,0,UNSEEN_EVAL,,external_v2,fully_instrumented_libero10_v2,libero10_v2_selected_378,libero10_task07_rollout028,,202615278,fully_instrumented_libero10_v1/tasks/task_07/rollout_028,149,125
v1completed_external_U2_libero10_v2_selected_379,8,U2,LIVING_ROOM_SCENE1_put_both_the_alphabet_soup_and_the_cream_cheese_box_in_the_basket,1,UNSEEN_EVAL,,external_v2,fully_instrumented_libero10_v2,libero10_v2_selected_379,libero10_task07_rollout029,,202615279,fully_instrumented_libero10_v1/tasks/task_07/rollout_029,260,125
v1completed_external_U2_libero10_v2_selected_380,8,U2,LIVING_ROOM_SCENE1_put_both_the_alphabet_soup_and_the_cream_cheese_box_in_the_basket,0,UNSEEN_EVAL,,external_v2,fully_instrumented_libero10_v2,libero10_v2_selected_380,libero10_task07_rollout030,,202615280,fully_instrumented_libero10_v1/tasks/task_07/rollout_030,196,125
v1completed_external_U2_libero10_v2_selected_381,8,U2,LIVING_ROOM_SCENE1_put_both_the_alphabet_soup_and_the_cream_cheese_box_in_the_basket,1,UNSEEN_EVAL,,external_v2,fully_instrumented_libero10_v2,libero10_v2_selected_381,libero10_task07_rollout031,,202615281,fully_instrumented_libero10_v1/tasks/task_07/rollout_031,260,125
v1completed_external_U2_libero10_v2_selected_382,8,U2,LIVING_ROOM_SCENE1_put_both_the_alphabet_soup_and_the_cream_cheese_box_in_the_basket,1,UNSEEN_EVAL,,external_v2,fully_instrumented_libero10_v2,libero10_v2_selected_382,libero10_task07_rollout032,,202615282,fully_instrumented_libero10_v1/tasks/task_07/rollout_032,260,125
v1completed_external_U2_libero10_v2_selected_383,8,U2,LIVING_ROOM_SCENE1_put_both_the_alphabet_soup_and_the_cream_cheese_box_in_the_basket,1,UNSEEN_EVAL,,external_v2,fully_instrumented_libero10_v2,libero10_v2_selected_383,libero10_task07_rollout033,,202615283,fully_instrumented_libero10_v1/tasks/task_07/rollout_033,260,125
v1completed_external_U2_libero10_v2_selected_384,8,U2,LIVING_ROOM_SCENE1_put_both_the_alphabet_soup_and_the_cream_cheese_box_in_the_basket,0,UNSEEN_EVAL,,external_v2,fully_instrumented_libero10_v2,libero10_v2_selected_384,libero10_task07_rollout034,,202615284,fully_instrumented_libero10_v1/tasks/task_07/rollout_034,126,125
v1completed_external_U2_libero10_v2_selected_385,8,U2,LIVING_ROOM_SCENE1_put_both_the_alphabet_soup_and_the_cream_cheese_box_in_the_basket,0,UNSEEN_EVAL,,external_v2,fully_instrumented_libero10_v2,libero10_v2_selected_385,libero10_task07_rollout035,,202615285,fully_instrumented_libero10_v1/tasks/task_07/rollout_035,144,125
v1completed_external_U2_libero10_v2_selected_386,8,U2,LIVING_ROOM_SCENE1_put_both_the_alphabet_soup_and_the_cream_cheese_box_in_the_basket,1,UNSEEN_EVAL,,external_v2,fully_instrumented_libero10_v2,libero10_v2_selected_386,libero10_task07_rollout036,,202615286,fully_instrumented_libero10_v1/tasks/task_07/rollout_036,260,125
v1completed_external_U2_libero10_v2_selected_387,8,U2,LIVING_ROOM_SCENE1_put_both_the_alphabet_soup_and_the_cream_cheese_box_in_the_basket,1,UNSEEN_EVAL,,external_v2,fully_instrumented_libero10_v2,libero10_v2_selected_387,libero10_task07_rollout037,,202615287,fully_instrumented_libero10_v1/tasks/task_07/rollout_037,260,125
v1completed_external_U2_libero10_v2_selected_388,8,U2,LIVING_ROOM_SCENE1_put_both_the_alphabet_soup_and_the_cream_cheese_box_in_the_basket,0,UNSEEN_EVAL,,external_v2,fully_instrumented_libero10_v2,libero10_v2_selected_388,libero10_task07_rollout038,,202615288,fully_instrumented_libero10_v1/tasks/task_07/rollout_038,257,125
v1completed_external_U2_libero10_v2_selected_389,8,U2,LIVING_ROOM_SCENE1_put_both_the_alphabet_soup_and_the_cream_cheese_box_in_the_basket,1,UNSEEN_EVAL,,external_v2,fully_instrumented_libero10_v2,libero10_v2_selected_389,libero10_task07_rollout039,,202615289,fully_instrumented_libero10_v1/tasks/task_07/rollout_039,260,125
v1completed_external_U2_libero10_v2_selected_390,8,U2,LIVING_ROOM_SCENE1_put_both_the_alphabet_soup_and_the_cream_cheese_box_in_the_basket,0,UNSEEN_EVAL,,external_v2,fully_instrumented_libero10_v2,libero10_v2_selected_390,libero10_task07_rollout040,,202615290,fully_instrumented_libero10_v1/tasks/task_07/rollout_040,138,125
v1completed_external_U2_libero10_v2_selected_391,8,U2,LIVING_ROOM_SCENE1_put_both_the_alphabet_soup_and_the_cream_cheese_box_in_the_basket,1,UNSEEN_EVAL,,external_v2,fully_instrumented_libero10_v2,libero10_v2_selected_391,libero10_task07_rollout041,,202615291,fully_instrumented_libero10_v1/tasks/task_07/rollout_041,260,125
v1completed_external_U2_libero10_v2_selected_392,8,U2,LIVING_ROOM_SCENE1_put_both_the_alphabet_soup_and_the_cream_cheese_box_in_the_basket,0,UNSEEN_EVAL,,external_v2,fully_instrumented_libero10_v2,libero10_v2_selected_392,libero10_task07_rollout042,,202615292,fully_instrumented_libero10_v1/tasks/task_07/rollout_042,127,125
v1completed_external_U2_libero10_v2_selected_393,8,U2,LIVING_ROOM_SCENE1_put_both_the_alphabet_soup_and_the_cream_cheese_box_in_the_basket,1,UNSEEN_EVAL,,external_v2,fully_instrumented_libero10_v2,libero10_v2_selected_393,libero10_task07_rollout043,,202615293,fully_instrumented_libero10_v1/tasks/task_07/rollout_043,260,125
v1completed_external_U2_libero10_v2_selected_395,8,U2,LIVING_ROOM_SCENE1_put_both_the_alphabet_soup_and_the_cream_cheese_box_in_the_basket,1,UNSEEN_EVAL,,external_v2,fully_instrumented_libero10_v2,libero10_v2_selected_395,libero10_task07_rollout045,,202615295,fully_instrumented_libero10_v1/tasks/task_07/rollout_045,260,125
v1completed_external_U2_libero10_v2_selected_396,8,U2,LIVING_ROOM_SCENE1_put_both_the_alphabet_soup_and_the_cream_cheese_box_in_the_basket,1,UNSEEN_EVAL,,external_v2,fully_instrumented_libero10_v2,libero10_v2_selected_396,libero10_task07_rollout046,,202615296,fully_instrumented_libero10_v1/tasks/task_07/rollout_046,260,125
v1completed_external_U2_libero10_v2_selected_397,8,U2,LIVING_ROOM_SCENE1_put_both_the_alphabet_soup_and_the_cream_cheese_box_in_the_basket,0,UNSEEN_EVAL,,external_v2,fully_instrumented_libero10_v2,libero10_v2_selected_397,libero10_task07_rollout047,,202615297,fully_instrumented_libero10_v1/tasks/task_07/rollout_047,158,125
v1completed_external_U2_libero10_v2_selected_398,8,U2,LIVING_ROOM_SCENE1_put_both_the_alphabet_soup_and_the_cream_cheese_box_in_the_basket,1,UNSEEN_EVAL,,external_v2,fully_instrumented_libero10_v2,libero10_v2_selected_398,libero10_task07_rollout048,,202615298,fully_instrumented_libero10_v1/tasks/task_07/rollout_048,260,125
v1completed_external_U2_libero10_v2_selected_399,8,U2,LIVING_ROOM_SCENE1_put_both_the_alphabet_soup_and_the_cream_cheese_box_in_the_basket,0,UNSEEN_EVAL,,external_v2,fully_instrumented_libero10_v2,libero10_v2_selected_399,libero10_task07_rollout049,,202615299,fully_instrumented_libero10_v1/tasks/task_07/rollout_049,192,125
v1completed_U3_replay_001,9,U3,STUDY_SCENE1_pick_up_the_book_and_place_it_in_the_back_compartment_of_the_caddy,1,UNSEEN_EVAL,,v1_replay,V1补齐版本,v1completed_U3_replay_001,v1completed_U3_replay_001,strict-unseen-U3-0500,608160081,V1补齐版本/generated_v1_assets/U3/v1completed_U3_replay_001,260,78
v1completed_U3_replay_004,9,U3,STUDY_SCENE1_pick_up_the_book_and_place_it_in_the_back_compartment_of_the_caddy,1,UNSEEN_EVAL,,v1_replay,V1补齐版本,v1completed_U3_replay_004,v1completed_U3_replay_004,strict-unseen-U3-0505,608160086,V1补齐版本/generated_v1_assets/U3/v1completed_U3_replay_004,260,78
v1completed_U3_replay_005,9,U3,STUDY_SCENE1_pick_up_the_book_and_place_it_in_the_back_compartment_of_the_caddy,1,UNSEEN_EVAL,,v1_replay,V1补齐版本,v1completed_U3_replay_005,v1completed_U3_replay_005,strict-unseen-U3-0506,608160087,V1补齐版本/generated_v1_assets/U3/v1completed_U3_replay_005,260,78
v1completed_U3_replay_006,9,U3,STUDY_SCENE1_pick_up_the_book_and_place_it_in_the_back_compartment_of_the_caddy,1,UNSEEN_EVAL,,v1_replay,V1补齐版本,v1completed_U3_replay_006,v1completed_U3_replay_006,strict-unseen-U3-0507,608160088,V1补齐版本/generated_v1_assets/U3/v1completed_U3_replay_006,260,78
v1completed_U3_replay_007,9,U3,STUDY_SCENE1_pick_up_the_book_and_place_it_in_the_back_compartment_of_the_caddy,1,UNSEEN_EVAL,,v1_replay,V1补齐版本,v1completed_U3_replay_007,v1completed_U3_replay_007,strict-unseen-U3-0508,608160089,V1补齐版本/generated_v1_assets/U3/v1completed_U3_replay_007,260,78
v1completed_U3_replay_009,9,U3,STUDY_SCENE1_pick_up_the_book_and_place_it_in_the_back_compartment_of_the_caddy,1,UNSEEN_EVAL,,v1_replay,V1补齐版本,v1completed_U3_replay_009,v1completed_U3_replay_009,strict-unseen-U3-0510,608160091,V1补齐版本/generated_v1_assets/U3/v1completed_U3_replay_009,260,78
v1completed_U3_replay_010,9,U3,STUDY_SCENE1_pick_up_the_book_and_place_it_in_the_back_compartment_of_the_caddy,1,UNSEEN_EVAL,,v1_replay,V1补齐版本,v1completed_U3_replay_010,v1completed_U3_replay_010,strict-unseen-U3-0511,608160092,V1补齐版本/generated_v1_assets/U3/v1completed_U3_replay_010,260,78
v1completed_U3_replay_014,9,U3,STUDY_SCENE1_pick_up_the_book_and_place_it_in_the_back_compartment_of_the_caddy,1,UNSEEN_EVAL,,v1_replay,V1补齐版本,v1completed_U3_replay_014,v1completed_U3_replay_014,strict-unseen-U3-0519,608160100,V1补齐版本/generated_v1_assets/U3/v1completed_U3_replay_014,260,78
v1completed_U3_replay_015,9,U3,STUDY_SCENE1_pick_up_the_book_and_place_it_in_the_back_compartment_of_the_caddy,1,UNSEEN_EVAL,,v1_replay,V1补齐版本,v1completed_U3_replay_015,v1completed_U3_replay_015,strict-unseen-U3-0520,608160101,V1补齐版本/generated_v1_assets/U3/v1completed_U3_replay_015,260,78
v1completed_U3_replay_017,9,U3,STUDY_SCENE1_pick_up_the_book_and_place_it_in_the_back_compartment_of_the_caddy,1,UNSEEN_EVAL,,v1_replay,V1补齐版本,v1completed_U3_replay_017,v1completed_U3_replay_017,strict-unseen-U3-0522,608160103,V1补齐版本/generated_v1_assets/U3/v1completed_U3_replay_017,260,78
v1completed_external_U3_libero10_v2_selected_250,9,U3,STUDY_SCENE1_pick_up_the_book_and_place_it_in_the_back_compartment_of_the_caddy,1,UNSEEN_EVAL,,external_v2,fully_instrumented_libero10_v2,libero10_v2_selected_250,libero10_task05_rollout025,,202613275,fully_instrumented_libero10_v1/tasks/task_05/rollout_025,260,78
v1completed_external_U3_libero10_v2_selected_251,9,U3,STUDY_SCENE1_pick_up_the_book_and_place_it_in_the_back_compartment_of_the_caddy,0,UNSEEN_EVAL,,external_v2,fully_instrumented_libero10_v2,libero10_v2_selected_251,libero10_v2_task05_expansion0045,,203208354,fully_instrumented_libero10_v2/expansion/task_5/rollout_0045,93,78
v1completed_external_U3_libero10_v2_selected_252,9,U3,STUDY_SCENE1_pick_up_the_book_and_place_it_in_the_back_compartment_of_the_caddy,0,UNSEEN_EVAL,,external_v2,fully_instrumented_libero10_v2,libero10_v2_selected_252,libero10_v2_task05_expansion0048,,203208357,fully_instrumented_libero10_v2/expansion/task_5/rollout_0048,79,78
v1completed_external_U3_libero10_v2_selected_254,9,U3,STUDY_SCENE1_pick_up_the_book_and_place_it_in_the_back_compartment_of_the_caddy,0,UNSEEN_EVAL,,external_v2,fully_instrumented_libero10_v2,libero10_v2_selected_254,libero10_v2_task05_expansion0118,,202613417,fully_instrumented_libero10_v2/expansion/task_5/rollout_0118,95,78
v1completed_external_U3_libero10_v2_selected_255,9,U3,STUDY_SCENE1_pick_up_the_book_and_place_it_in_the_back_compartment_of_the_caddy,1,UNSEEN_EVAL,,external_v2,fully_instrumented_libero10_v2,libero10_v2_selected_255,libero10_v2_task05_expansion0126,,202613425,fully_instrumented_libero10_v2/expansion/task_5/rollout_0126,260,78
v1completed_external_U3_libero10_v2_selected_256,9,U3,STUDY_SCENE1_pick_up_the_book_and_place_it_in_the_back_compartment_of_the_caddy,0,UNSEEN_EVAL,,external_v2,fully_instrumented_libero10_v2,libero10_v2_selected_256,libero10_v2_task05_expansion0163,,202613462,fully_instrumented_libero10_v2/expansion/task_5/rollout_0163,83,78
v1completed_external_U3_libero10_v2_selected_257,9,U3,STUDY_SCENE1_pick_up_the_book_and_place_it_in_the_back_compartment_of_the_caddy,1,UNSEEN_EVAL,,external_v2,fully_instrumented_libero10_v2,libero10_v2_selected_257,libero10_v2_task05_expansion0176,,202613475,fully_instrumented_libero10_v2/expansion/task_5/rollout_0176,260,78
v1completed_external_U3_libero10_v2_selected_259,9,U3,STUDY_SCENE1_pick_up_the_book_and_place_it_in_the_back_compartment_of_the_caddy,0,UNSEEN_EVAL,,external_v2,fully_instrumented_libero10_v2,libero10_v2_selected_259,libero10_v2_task05_expansion0201,,202613500,fully_instrumented_libero10_v2/expansion/task_5/rollout_0201,92,78
v1completed_external_U3_libero10_v2_selected_260,9,U3,STUDY_SCENE1_pick_up_the_book_and_place_it_in_the_back_compartment_of_the_caddy,0,UNSEEN_EVAL,,external_v2,fully_instrumented_libero10_v2,libero10_v2_selected_260,libero10_v2_task05_expansion0216,,202613515,fully_instrumented_libero10_v2/expansion/task_5/rollout_0216,89,78
v1completed_external_U3_libero10_v2_selected_261,9,U3,STUDY_SCENE1_pick_up_the_book_and_place_it_in_the_back_compartment_of_the_caddy,0,UNSEEN_EVAL,,external_v2,fully_instrumented_libero10_v2,libero10_v2_selected_261,libero10_v2_task05_expansion0221,,202613520,fully_instrumented_libero10_v2/expansion/task_5/rollout_0221,89,78
v1completed_external_U3_libero10_v2_selected_262,9,U3,STUDY_SCENE1_pick_up_the_book_and_place_it_in_the_back_compartment_of_the_caddy,1,UNSEEN_EVAL,,external_v2,fully_instrumented_libero10_v2,libero10_v2_selected_262,libero10_v2_task05_expansion0226,,202613525,fully_instrumented_libero10_v2/expansion/task_5/rollout_0226,260,78
v1completed_external_U3_libero10_v2_selected_264,9,U3,STUDY_SCENE1_pick_up_the_book_and_place_it_in_the_back_compartment_of_the_caddy,0,UNSEEN_EVAL,,external_v2,fully_instrumented_libero10_v2,libero10_v2_selected_264,libero10_v2_task05_expansion0257,,202613556,fully_instrumented_libero10_v2/expansion/task_5/rollout_0257,86,78
v1completed_external_U3_libero10_v2_selected_265,9,U3,STUDY_SCENE1_pick_up_the_book_and_place_it_in_the_back_compartment_of_the_caddy,0,UNSEEN_EVAL,,external_v2,fully_instrumented_libero10_v2,libero10_v2_selected_265,libero10_v2_task05_expansion0267,,202613566,fully_instrumented_libero10_v2/expansion/task_5/rollout_0267,82,78
v1completed_external_U3_libero10_v2_selected_266,9,U3,STUDY_SCENE1_pick_up_the_book_and_place_it_in_the_back_compartment_of_the_caddy,0,UNSEEN_EVAL,,external_v2,fully_instrumented_libero10_v2,libero10_v2_selected_266,libero10_v2_task05_expansion0337,,202613636,fully_instrumented_libero10_v2/expansion/task_5/rollout_0337,90,78
v1completed_external_U3_libero10_v2_selected_267,9,U3,STUDY_SCENE1_pick_up_the_book_and_place_it_in_the_back_compartment_of_the_caddy,1,UNSEEN_EVAL,,external_v2,fully_instrumented_libero10_v2,libero10_v2_selected_267,libero10_v2_task05_expansion0351,,202613650,fully_instrumented_libero10_v2/expansion/task_5/rollout_0351,260,78
v1completed_external_U3_libero10_v2_selected_268,9,U3,STUDY_SCENE1_pick_up_the_book_and_place_it_in_the_back_compartment_of_the_caddy,1,UNSEEN_EVAL,,external_v2,fully_instrumented_libero10_v2,libero10_v2_selected_268,libero10_v2_task05_expansion0385,,202613684,fully_instrumented_libero10_v2/expansion/task_5/rollout_0385,260,78
v1completed_external_U3_libero10_v2_selected_269,9,U3,STUDY_SCENE1_pick_up_the_book_and_place_it_in_the_back_compartment_of_the_caddy,1,UNSEEN_EVAL,,external_v2,fully_instrumented_libero10_v2,libero10_v2_selected_269,libero10_v2_task05_expansion0396,,202613695,fully_instrumented_libero10_v2/expansion/task_5/rollout_0396,260,78
v1completed_external_U3_libero10_v2_selected_270,9,U3,STUDY_SCENE1_pick_up_the_book_and_place_it_in_the_back_compartment_of_the_caddy,0,UNSEEN_EVAL,,external_v2,fully_instrumented_libero10_v2,libero10_v2_selected_270,libero10_v2_task05_expansion0400,,202613699,fully_instrumented_libero10_v2/expansion/task_5/rollout_0400,102,78
v1completed_external_U3_libero10_v2_selected_271,9,U3,STUDY_SCENE1_pick_up_the_book_and_place_it_in_the_back_compartment_of_the_caddy,0,UNSEEN_EVAL,,external_v2,fully_instrumented_libero10_v2,libero10_v2_selected_271,libero10_v2_task05_expansion0402,,202613701,fully_instrumented_libero10_v2/expansion/task_5/rollout_0402,89,78
v1completed_external_U3_libero10_v2_selected_272,9,U3,STUDY_SCENE1_pick_up_the_book_and_place_it_in_the_back_compartment_of_the_caddy,0,UNSEEN_EVAL,,external_v2,fully_instrumented_libero10_v2,libero10_v2_selected_272,libero10_v2_task05_expansion0415,,202613714,fully_instrumented_libero10_v2/expansion/task_5/rollout_0415,88,78
v1completed_external_U3_libero10_v2_selected_274,9,U3,STUDY_SCENE1_pick_up_the_book_and_place_it_in_the_back_compartment_of_the_caddy,1,UNSEEN_EVAL,,external_v2,fully_instrumented_libero10_v2,libero10_v2_selected_274,libero10_v2_task05_expansion0451,,202613750,fully_instrumented_libero10_v2/expansion/task_5/rollout_0451,260,78
v1completed_external_U3_libero10_v2_selected_275,9,U3,STUDY_SCENE1_pick_up_the_book_and_place_it_in_the_back_compartment_of_the_caddy,0,UNSEEN_EVAL,,external_v2,fully_instrumented_libero10_v2,libero10_v2_selected_275,libero10_v2_task05_expansion0471,,202613770,fully_instrumented_libero10_v2/expansion/task_5/rollout_0471,100,78
v1completed_external_U3_libero10_v2_selected_276,9,U3,STUDY_SCENE1_pick_up_the_book_and_place_it_in_the_back_compartment_of_the_caddy,1,UNSEEN_EVAL,,external_v2,fully_instrumented_libero10_v2,libero10_v2_selected_276,libero10_v2_task05_expansion0476,,202613775,fully_instrumented_libero10_v2/expansion/task_5/rollout_0476,260,78
v1completed_external_U3_libero10_v2_selected_277,9,U3,STUDY_SCENE1_pick_up_the_book_and_place_it_in_the_back_compartment_of_the_caddy,0,UNSEEN_EVAL,,external_v2,fully_instrumented_libero10_v2,libero10_v2_selected_277,libero10_v2_task05_expansion0488,,202613787,fully_instrumented_libero10_v2/expansion/task_5/rollout_0488,84,78
v1completed_external_U3_libero10_v2_selected_279,9,U3,STUDY_SCENE1_pick_up_the_book_and_place_it_in_the_back_compartment_of_the_caddy,0,UNSEEN_EVAL,,external_v2,fully_instrumented_libero10_v2,libero10_v2_selected_279,libero10_v2_task05_expansion0509,,202613808,fully_instrumented_libero10_v2/expansion/task_5/rollout_0509,82,78
v1completed_external_U3_libero10_v2_selected_280,9,U3,STUDY_SCENE1_pick_up_the_book_and_place_it_in_the_back_compartment_of_the_caddy,0,UNSEEN_EVAL,,external_v2,fully_instrumented_libero10_v2,libero10_v2_selected_280,libero10_v2_task05_expansion0530,,202613829,fully_instrumented_libero10_v2/expansion/task_5/rollout_0530,83,78
v1completed_external_U3_libero10_v2_selected_281,9,U3,STUDY_SCENE1_pick_up_the_book_and_place_it_in_the_back_compartment_of_the_caddy,0,UNSEEN_EVAL,,external_v2,fully_instrumented_libero10_v2,libero10_v2_selected_281,libero10_v2_task05_expansion0531,,202613830,fully_instrumented_libero10_v2/expansion/task_5/rollout_0531,82,78
v1completed_external_U3_libero10_v2_selected_282,9,U3,STUDY_SCENE1_pick_up_the_book_and_place_it_in_the_back_compartment_of_the_caddy,1,UNSEEN_EVAL,,external_v2,fully_instrumented_libero10_v2,libero10_v2_selected_282,libero10_v2_task05_expansion0546,,202613845,fully_instrumented_libero10_v2/expansion/task_5/rollout_0546,260,78
v1completed_external_U3_libero10_v2_selected_284,9,U3,STUDY_SCENE1_pick_up_the_book_and_place_it_in_the_back_compartment_of_the_caddy,1,UNSEEN_EVAL,,external_v2,fully_instrumented_libero10_v2,libero10_v2_selected_284,libero10_v2_task05_expansion0576,,202613875,fully_instrumented_libero10_v2/expansion/task_5/rollout_0576,260,78
v1completed_external_U3_libero10_v2_selected_286,9,U3,STUDY_SCENE1_pick_up_the_book_and_place_it_in_the_back_compartment_of_the_caddy,0,UNSEEN_EVAL,,external_v2,fully_instrumented_libero10_v2,libero10_v2_selected_286,libero10_v2_task05_expansion0617,,202613916,fully_instrumented_libero10_v2/expansion/task_5/rollout_0617,78,78
v1completed_external_U3_libero10_v2_selected_289,9,U3,STUDY_SCENE1_pick_up_the_book_and_place_it_in_the_back_compartment_of_the_caddy,0,UNSEEN_EVAL,,external_v2,fully_instrumented_libero10_v2,libero10_v2_selected_289,libero10_v2_task05_expansion0643,,202613942,fully_instrumented_libero10_v2/expansion/task_5/rollout_0643,81,78
v1completed_external_U3_libero10_v2_selected_290,9,U3,STUDY_SCENE1_pick_up_the_book_and_place_it_in_the_back_compartment_of_the_caddy,1,UNSEEN_EVAL,,external_v2,fully_instrumented_libero10_v2,libero10_v2_selected_290,libero10_v2_task05_expansion0676,,202613975,fully_instrumented_libero10_v2/expansion/task_5/rollout_0676,260,78
v1completed_external_U3_libero10_v2_selected_291,9,U3,STUDY_SCENE1_pick_up_the_book_and_place_it_in_the_back_compartment_of_the_caddy,1,UNSEEN_EVAL,,external_v2,fully_instrumented_libero10_v2,libero10_v2_selected_291,libero10_v2_task05_expansion0696,,202613995,fully_instrumented_libero10_v2/expansion/task_5/rollout_0696,260,78
v1completed_external_U3_libero10_v2_selected_292,9,U3,STUDY_SCENE1_pick_up_the_book_and_place_it_in_the_back_compartment_of_the_caddy,0,UNSEEN_EVAL,,external_v2,fully_instrumented_libero10_v2,libero10_v2_selected_292,libero10_v2_task05_expansion0711,,202614010,fully_instrumented_libero10_v2/expansion/task_5/rollout_0711,87,78
v1completed_external_U3_libero10_v2_selected_293,9,U3,STUDY_SCENE1_pick_up_the_book_and_place_it_in_the_back_compartment_of_the_caddy,0,UNSEEN_EVAL,,external_v2,fully_instrumented_libero10_v2,libero10_v2_selected_293,libero10_v2_task05_expansion0726,,202614025,fully_instrumented_libero10_v2/expansion/task_5/rollout_0726,175,78
v1completed_external_U3_libero10_v2_selected_294,9,U3,STUDY_SCENE1_pick_up_the_book_and_place_it_in_the_back_compartment_of_the_caddy,0,UNSEEN_EVAL,,external_v2,fully_instrumented_libero10_v2,libero10_v2_selected_294,libero10_v2_task05_expansion0737,,202614036,fully_instrumented_libero10_v2/expansion/task_5/rollout_0737,92,78
v1completed_external_U3_libero10_v2_selected_295,9,U3,STUDY_SCENE1_pick_up_the_book_and_place_it_in_the_back_compartment_of_the_caddy,0,UNSEEN_EVAL,,external_v2,fully_instrumented_libero10_v2,libero10_v2_selected_295,libero10_v2_task05_expansion0739,,202614038,fully_instrumented_libero10_v2/expansion/task_5/rollout_0739,81,78
v1completed_external_U3_libero10_v2_selected_296,9,U3,STUDY_SCENE1_pick_up_the_book_and_place_it_in_the_back_compartment_of_the_caddy,0,UNSEEN_EVAL,,external_v2,fully_instrumented_libero10_v2,libero10_v2_selected_296,libero10_v2_task05_expansion0744,,202614043,fully_instrumented_libero10_v2/expansion/task_5/rollout_0744,91,78
v1completed_external_U3_libero10_v2_selected_298,9,U3,STUDY_SCENE1_pick_up_the_book_and_place_it_in_the_back_compartment_of_the_caddy,1,UNSEEN_EVAL,,external_v2,fully_instrumented_libero10_v2,libero10_v2_selected_298,libero10_v2_task05_expansion0751,,202614050,fully_instrumented_libero10_v2/expansion/task_5/rollout_0751,260,78
v1completed_external_U3_libero10_v2_selected_299,9,U3,STUDY_SCENE1_pick_up_the_book_and_place_it_in_the_back_compartment_of_the_caddy,1,UNSEEN_EVAL,,external_v2,fully_instrumented_libero10_v2,libero10_v2_selected_299,libero10_v2_task05_expansion0753,,202614052,fully_instrumented_libero10_v2/expansion/task_5/rollout_0753,260,78
